20260601 040100;30546.25;30551.75;30543.5;30550;753
20260601 040200;30550.25;30556.75;30549.5;30555.75;697
20260601 040300;30555.75;30558.75;30554.75;30556.25;381
20260601 040400;30557;30559.5;30553.25;30556.25;502
20260601 040500;30557;30559.25;30556.25;30558;223
20260601 040600;30558.5;30560.75;30556;30556.75;407
20260601 040700;30556.5;30557.25;30552.25;30557;406
20260601 040800;30556.25;30559.25;30555.5;30558.5;162
20260601 040900;30558.25;30563;30557.25;30563;374
20260601 041000;30562.5;30563;30556;30558.25;343
20260601 041100;30557.25;30562;30554;30558.25;366
20260601 041200;30558;30558;30554;30556;183
20260601 041300;30556.5;30562.25;30555.25;30558.25;272
20260601 041400;30559;30564.75;30556.75;30558;518
20260601 041500;30557.75;30559;30554.5;30557.75;237
20260601 041600;30558.75;30558.75;30554.75;30556.25;207
20260601 041700;30556;30560;30556;30557;157
20260601 041800;30557;30557.75;30550.75;30553.5;299
20260601 041900;30553.5;30556.5;30553.25;30553.75;215
20260601 042000;30553.5;30555.5;30550.75;30555.5;224
20260601 042100;30555.5;30557;30552;30555;230
20260601 042200;30555;30556;30551.75;30554;152
20260601 042300;30554;30554;30549.5;30550.5;166
20260601 042400;30551;30559;30551;30557.75;354
20260601 042500;30557.25;30563.75;30556;30563.75;520
20260601 042600;30564;30564.75;30560.5;30563.75;281
20260601 042700;30563.25;30567.25;30563.25;30565.75;428
20260601 042800;30565.75;30565.75;30558;30560.75;442
20260601 042900;30560.75;30560.75;30555;30557.75;321
20260601 043000;30557.75;30562.25;30557.75;30561.75;164
20260601 043100;30561.25;30566.5;30560.75;30562.75;364
20260601 043200;30562.75;30563;30558;30558.5;229
20260601 043300;30558.5;30558.5;30555.5;30555.75;165
20260601 043400;30557.25;30559.5;30551.5;30552.5;402
20260601 043500;30553.25;30554.75;30550.5;30551.25;267
20260601 043600;30551.25;30559.5;30551.25;30556.75;407
20260601 043700;30556;30561.75;30554.5;30561.75;317
20260601 043800;30562;30562;30559.5;30560;200
20260601 043900;30560.75;30564.25;30559.25;30560;265
20260601 044000;30560.5;30565;30559;30564.75;242
20260601 044100;30564.75;30569;30562.75;30565.75;488
20260601 044200;30566;30567;30564.75;30565.25;197
20260601 044300;30565.5;30567.75;30564.75;30566.25;134
20260601 044400;30566.25;30574.5;30565;30572.75;1200
20260601 044500;30572.75;30581;30572.5;30579.25;793
20260601 044600;30579.25;30580.75;30576.25;30578.25;466
20260601 044700;30577.75;30580.25;30574.5;30576.5;329
20260601 044800;30577;30577.5;30573.25;30573.25;283
20260601 044900;30573;30573.75;30570.25;30570.5;393
20260601 045000;30570.5;30573.75;30568.75;30572.25;320
20260601 045100;30572.25;30575;30572;30573.75;213
20260601 045200;30573.5;30578.75;30573.5;30576.5;446
20260601 045300;30577.75;30578.5;30574.75;30574.75;224
20260601 045400;30575;30578;30572.5;30578;396
20260601 045500;30578;30578;30573;30574;146
20260601 045600;30574;30576.25;30571.75;30576.25;173
20260601 045700;30575.75;30577;30574.75;30575.5;191
20260601 045800;30575.25;30575.75;30570.5;30573.5;170
20260601 045900;30573.25;30573.25;30570.25;30571.5;192
20260601 050000;30571.75;30574;30571.75;30573;136
20260601 050100;30573.25;30575.5;30571;30572.25;317
20260601 050200;30571.5;30571.75;30569.75;30569.75;217
20260601 050300;30569.5;30573.25;30568.25;30572.25;382
20260601 050400;30572;30574.75;30569.25;30569.75;236
20260601 050500;30569.5;30576;30568.75;30575.25;318
20260601 050600;30575.25;30581;30574.75;30577;564
20260601 050700;30577.25;30577.75;30575.75;30577;140
20260601 050800;30577.25;30578;30572.5;30575.75;326
20260601 050900;30575.5;30575.75;30571;30571.25;201
20260601 051000;30571;30572;30563.75;30566.5;706
20260601 051100;30565;30565.75;30556.5;30561;635
20260601 051200;30561.25;30568.75;30561.25;30567.5;364
20260601 051300;30567.5;30574.25;30565;30573.75;477
20260601 051400;30573.25;30574;30571.25;30571.25;248
20260601 051500;30571.75;30573.75;30570;30571;178
20260601 051600;30571.5;30571.5;30567.75;30568.5;157
20260601 051700;30568.75;30570;30563.25;30563.5;195
20260601 051800;30563.75;30564.75;30561.25;30563.75;272
20260601 051900;30563.25;30569.25;30562.25;30567.75;159
20260601 052000;30568.25;30569.25;30566;30566.25;127
20260601 052100;30566.75;30569.5;30566.5;30568;161
20260601 052200;30568.75;30569.5;30567.25;30568.25;99
20260601 052300;30568;30577.75;30566.75;30573.75;553
20260601 052400;30573.5;30576;30570.25;30571.5;299
20260601 052500;30571.75;30571.75;30568.5;30568.5;203
20260601 052600;30568.5;30568.75;30562;30563.5;462
20260601 052700;30563.75;30565.5;30563;30564.25;201
20260601 052800;30564;30564.5;30559.25;30560.25;429
20260601 052900;30560.75;30562.5;30557;30558.5;467
20260601 053000;30558.75;30559.5;30550.5;30552.5;748
20260601 053100;30553.75;30560.5;30553.25;30557.5;589
20260601 053200;30558.75;30564.5;30556.25;30556.25;461
20260601 053300;30557;30564.25;30555.25;30563.5;271
20260601 053400;30563.75;30565.25;30559.25;30561;265
20260601 053500;30561;30562.5;30558.5;30559.75;173
20260601 053600;30560.75;30569.25;30560.25;30569;489
20260601 053700;30568.75;30573;30566.25;30568.25;483
20260601 053800;30568;30568.25;30563.25;30564.25;327
20260601 053900;30564.75;30564.75;30560.25;30560.25;319
20260601 054000;30560.25;30566.25;30559.25;30565.25;308
20260601 054100;30566.5;30571.25;30564.75;30569;430
20260601 054200;30569.5;30572.25;30568;30570.75;294
20260601 054300;30571.25;30574.25;30570.5;30572.75;250
20260601 054400;30573;30576.5;30571.25;30573;306
20260601 054500;30573.5;30575;30572;30575;219
20260601 054600;30574.5;30576;30570.5;30572;408
20260601 054700;30572.5;30575;30571.25;30574.25;218
20260601 054800;30574.75;30580.25;30574.75;30579.5;533
20260601 054900;30579.5;30585;30577.5;30584.25;850
20260601 055000;30584.25;30590;30582.5;30587.5;904
20260601 055100;30587.75;30587.75;30582;30584;429
20260601 055200;30584.25;30591.5;30584.25;30590.5;539
20260601 055300;30590.5;30590.75;30583.25;30583.5;445
20260601 055400;30584;30586.25;30582.25;30586;250
20260601 055500;30586;30586.5;30583;30583.25;178
20260601 055600;30583.5;30584;30580.5;30582.75;238
20260601 055700;30583.75;30586.5;30581.75;30582.75;190
20260601 055800;30582.25;30583;30576;30580.25;582
20260601 055900;30580;30580.75;30576.75;30578.5;159
20260601 060000;30578.25;30580.75;30577.25;30579.5;153
20260601 060100;30579.5;30587.75;30579.5;30586.25;562
20260601 060200;30586;30587.25;30582;30587;326
20260601 060300;30586.5;30588.75;30583.5;30588.5;297
20260601 060400;30588.75;30589.75;30584.5;30584.75;309
20260601 060500;30585;30587;30580;30581.25;306
20260601 060600;30581.25;30582.25;30577;30582;412
20260601 060700;30581.75;30582.75;30581;30582.25;197
20260601 060800;30581.5;30585.75;30581.5;30583.25;268
20260601 060900;30584.25;30585.25;30581.25;30582.25;327
20260601 061000;30582.25;30584.25;30580.5;30583.75;228
20260601 061100;30584.25;30585.5;30580.75;30583.75;364
20260601 061200;30584.25;30585;30581.25;30583.5;178
20260601 061300;30583.25;30584.5;30578.75;30582;309
20260601 061400;30581.75;30582;30574.25;30576;473
20260601 061500;30576.25;30578.75;30570.25;30576.25;531
20260601 061600;30575.25;30577;30572.25;30573.75;294
20260601 061700;30574;30575;30572;30574;225
20260601 061800;30573.75;30574;30568;30572.25;446
20260601 061900;30572.75;30576.25;30569.75;30575.25;247
20260601 062000;30575.5;30578;30574.75;30577;184
20260601 062100;30576.5;30576.5;30573.25;30575.25;247
20260601 062200;30575.5;30577.5;30575;30576;130
20260601 062300;30575.75;30575.75;30570.75;30573.25;170
20260601 062400;30573.5;30574.25;30571.75;30573;88
20260601 062500;30572.25;30573.75;30569.75;30570;226
20260601 062600;30570.5;30570.75;30561.25;30563.5;769
20260601 062700;30563.5;30566.5;30561.5;30566.5;265
20260601 062800;30565.25;30567;30564.5;30565;214
20260601 062900;30565.5;30571;30565;30570.75;260
20260601 063000;30570.75;30571.75;30554.25;30558.5;1356
20260601 063100;30558.25;30568.25;30556;30566.25;635
20260601 063200;30566.75;30571.25;30565.25;30569.75;603
20260601 063300;30569.75;30578.75;30569.25;30577;714
20260601 063400;30577;30580;30575.75;30578;454
20260601 063500;30578;30579.5;30577;30578;180
20260601 063600;30578.75;30580.25;30575.25;30576.25;286
20260601 063700;30575.25;30575.25;30569.5;30571.25;466
20260601 063800;30572.25;30574.25;30568;30571.25;276
20260601 063900;30571.75;30573.5;30570;30571;95
20260601 064000;30570;30570;30562.5;30565.25;293
20260601 064100;30565;30567.25;30563.75;30564.5;265
20260601 064200;30564.5;30569.25;30560.75;30569.25;467
20260601 064300;30568.75;30571.25;30567.75;30568.25;313
20260601 064400;30568.75;30569;30564.25;30566.75;280
20260601 064500;30566.5;30570;30564.25;30569;188
20260601 064600;30568.25;30573.5;30567.5;30572;264
20260601 064700;30572.25;30578.25;30572;30577;675
20260601 064800;30577.25;30577.5;30572;30575.25;650
20260601 064900;30575.25;30585;30574.75;30582;636
20260601 065000;30581.75;30589.25;30580.5;30586.75;747
20260601 065100;30586.75;30588.25;30578.5;30580;779
20260601 065200;30579.5;30583.75;30578.5;30580.25;433
20260601 065300;30580.75;30583.25;30580.25;30581.25;143
20260601 065400;30580.5;30586;30580.5;30584.25;218
20260601 065500;30584.25;30584.5;30579.5;30580.5;224
20260601 065600;30580.75;30584.25;30576.25;30582;426
20260601 065700;30582.25;30586.25;30581;30581;324
20260601 065800;30581;30583.75;30578.25;30579;143
20260601 065900;30578.5;30582;30575.75;30576;271
20260601 070000;30576.5;30581.5;30576.25;30578.75;339
20260601 070100;30579.25;30582.75;30571.5;30580.25;1138
20260601 070200;30580.25;30580.5;30574;30578.75;486
20260601 070300;30579;30582.5;30576.75;30581.5;389
20260601 070400;30581.25;30589;30580.75;30587.5;629
20260601 070500;30587.25;30588.25;30583;30586;370
20260601 070600;30586.75;30592;30582.25;30582.75;888
20260601 070700;30583;30584.75;30576.5;30583.75;570
20260601 070800;30583.75;30586;30577.5;30585.25;398
20260601 070900;30585.25;30588.75;30582.5;30584.5;348
20260601 071000;30583.75;30585.75;30580;30580;234
20260601 071100;30580.5;30586.75;30580;30582.75;428
20260601 071200;30583.5;30584.25;30577;30577.75;237
20260601 071300;30577.75;30581.5;30576.25;30577.25;234
20260601 071400;30577.75;30577.75;30565.5;30572;791
20260601 071500;30572.25;30572.5;30565.75;30571;423
20260601 071600;30571;30573.75;30566;30566.75;267
20260601 071700;30566.5;30567.75;30561.25;30561.5;462
20260601 071800;30561.25;30565;30554;30555.5;1057
20260601 071900;30555.5;30559.5;30552;30555.25;715
20260601 072000;30554.5;30554.5;30545.5;30554;1271
20260601 072100;30553.5;30554.5;30545.75;30551.5;848
20260601 072200;30551.5;30554;30548.75;30549.5;497
20260601 072300;30550.25;30550.75;30539.25;30541;1137
20260601 072400;30540.75;30544.75;30538.25;30539;572
20260601 072500;30539;30541.25;30536.75;30539.25;501
20260601 072600;30539;30539.25;30528.5;30530.75;1344
20260601 072700;30531.25;30534.5;30521.25;30523.75;1534
20260601 072800;30524;30528.75;30519.25;30525.75;899
20260601 072900;30526.25;30531.25;30511.25;30521.5;1935
20260601 073000;30521.25;30526.75;30521;30521.75;694
20260601 073100;30522;30531.75;30520.75;30527.75;728
20260601 073200;30527.5;30529.25;30520;30524.25;476
20260601 073300;30525;30527.5;30522.25;30523.5;355
20260601 073400;30524;30524;30518.75;30520.25;445
20260601 073500;30520.5;30529.25;30520.5;30526.75;409
20260601 073600;30527.5;30529.75;30523.25;30526.75;458
20260601 073700;30527;30528.75;30523.5;30528;217
20260601 073800;30528.25;30530.25;30525.75;30528.75;264
20260601 073900;30529.25;30529.25;30515;30518.5;947
20260601 074000;30518.75;30519.5;30503.25;30506.75;1381
20260601 074100;30506.75;30508;30495;30500.5;2079
20260601 074200;30500;30504.75;30489.75;30492.75;1537
20260601 074300;30491.75;30502;30486.5;30501.75;1105
20260601 074400;30500.25;30507.25;30494;30506.75;750
20260601 074500;30506.75;30508;30501;30501.5;640
20260601 074600;30501.25;30505.75;30495.5;30500.75;448
20260601 074700;30501;30504;30497.75;30501.25;344
20260601 074800;30501.5;30504.5;30491;30494;595
20260601 074900;30493.5;30500.75;30492.75;30499;409
20260601 075000;30499;30502.25;30498.25;30501;224
20260601 075100;30500.25;30512;30499.75;30511.25;752
20260601 075200;30511.5;30512.25;30497.25;30499.5;750
20260601 075300;30499.75;30499.75;30491.5;30496.75;557
20260601 075400;30496.5;30503;30494.5;30500.5;428
20260601 075500;30500.5;30504.75;30500;30503.25;324
20260601 075600;30503.75;30514;30503;30507.5;711
20260601 075700;30508.25;30511.5;30504;30506.5;292
20260601 075800;30507.25;30512.25;30507.25;30512.25;233
20260601 075900;30511.25;30511.5;30506.75;30508.5;204
20260601 080000;30508.75;30515;30508.75;30511.75;526
20260601 080100;30510.75;30514;30502.5;30505.5;906
20260601 080200;30506.5;30512.5;30506.25;30511.5;594
20260601 080300;30511;30516.5;30508;30510.75;673
20260601 080400;30511;30511.25;30503.75;30508.75;474
20260601 080500;30509.25;30512.5;30490;30494;947
20260601 080600;30494;30494.25;30479;30481;1761
20260601 080700;30480.5;30496.25;30479.5;30495.75;938
20260601 080800;30495.75;30499.75;30492.25;30492.5;667
20260601 080900;30492.25;30492.5;30477.75;30481;1237
20260601 081000;30481;30483.25;30477;30477.5;549
20260601 081100;30477.5;30486.25;30475.75;30483.75;770
20260601 081200;30484;30484.75;30472;30473.25;834
20260601 081300;30473.75;30480.75;30472.25;30479.25;643
20260601 081400;30479;30482.25;30474;30478;452
20260601 081500;30477.5;30480.75;30475;30475.25;320
20260601 081600;30475.75;30478.25;30466;30473.75;904
20260601 081700;30472.75;30474;30468.25;30468.75;513
20260601 081800;30469;30478;30466.75;30475.5;592
20260601 081900;30474.75;30477.5;30469.75;30477;410
20260601 082000;30477.25;30477.5;30470.25;30472.25;443
20260601 082100;30472.5;30477;30471.5;30475.25;347
20260601 082200;30475;30480.75;30470.25;30475.75;764
20260601 082300;30477.25;30478.5;30473.5;30477.5;321
20260601 082400;30477.5;30480.25;30475.5;30476.5;396
20260601 082500;30475.75;30476.25;30467.25;30468.25;560
20260601 082600;30469;30469.75;30459.75;30460.25;1334
20260601 082700;30460.5;30467;30457.5;30458.5;722
20260601 082800;30458.5;30467;30456.5;30462.5;540
20260601 082900;30461.75;30466;30459.25;30463.75;288
20260601 083000;30463;30464.5;30454.25;30454.25;595
20260601 083100;30455.25;30464;30452.75;30454.75;748
20260601 083200;30454;30455.5;30444;30449.5;1555
20260601 083300;30450;30463.75;30446.25;30458.25;951
20260601 083400;30457.5;30464.75;30455.75;30460.75;502
20260601 083500;30461.75;30468.25;30456.5;30468.25;561
20260601 083600;30468.25;30470.75;30465;30465;645
20260601 083700;30465.5;30471.25;30461.5;30461.5;584
20260601 083800;30462;30462.75;30455.5;30461.75;581
20260601 083900;30461.75;30468;30460.5;30461.5;528
20260601 084000;30461.75;30470.75;30461.75;30469.75;403
20260601 084100;30469.25;30471.25;30465.75;30469.5;385
20260601 084200;30469.25;30472;30461.25;30464.5;757
20260601 084300;30464.5;30470.25;30462.75;30464.75;289
20260601 084400;30464.5;30476;30463;30475.75;657
20260601 084500;30474.75;30479.75;30471;30478.75;584
20260601 084600;30478.5;30481.75;30472.75;30474;751
20260601 084700;30473.5;30478;30458.25;30477;2274
20260601 084800;30477.5;30482.5;30474.5;30480.75;712
20260601 084900;30480.5;30483.25;30479;30483;408
20260601 085000;30483;30483;30477;30481.5;387
20260601 085100;30481;30483.25;30473.5;30481.5;685
20260601 085200;30481.75;30486.75;30481.5;30485.5;745
20260601 085300;30486;30493;30483.75;30492.5;735
20260601 085400;30492.75;30494;30488.75;30489.25;520
20260601 085500;30489.75;30493;30487.25;30492;426
20260601 085600;30492.75;30496.25;30491.25;30493;489
20260601 085700;30493.25;30495;30488.25;30492.75;521
20260601 085800;30493;30495.25;30491;30491.5;231
20260601 085900;30492.5;30495.25;30488.5;30495.25;335
20260601 090000;30495;30504;30493.25;30499.25;627
20260601 090100;30499.25;30507.75;30499;30507.25;961
20260601 090200;30507.25;30510;30504.75;30505.25;653
20260601 090300;30505.75;30510;30505.5;30508.75;740
20260601 090400;30508.75;30510.75;30506.5;30509.25;310
20260601 090500;30509.25;30512;30507.5;30511.75;375
20260601 090600;30512;30512.5;30506.25;30510.5;457
20260601 090700;30510.25;30510.75;30499.25;30499.25;708
20260601 090800;30499.75;30505.25;30498.75;30505.25;438
20260601 090900;30504.75;30505.75;30489;30493.75;772
20260601 091000;30493.25;30499.75;30492;30498.25;457
20260601 091100;30498.75;30502.75;30491.5;30498.75;840
20260601 091200;30498.25;30499.75;30495;30498.75;187
20260601 091300;30498.75;30498.75;30487;30488.25;458
20260601 091400;30488.25;30491.75;30482.25;30483;597
20260601 091500;30483.75;30485.75;30480.25;30483.75;427
20260601 091600;30483.75;30488.75;30482;30487.75;501
20260601 091700;30487.25;30489.25;30478.75;30485;630
20260601 091800;30485;30496.75;30485;30494.75;570
20260601 091900;30494.75;30495.5;30487;30492.25;410
20260601 092000;30492;30495.5;30491.25;30493.75;250
20260601 092100;30493;30494;30487.75;30489.25;226
20260601 092200;30489.5;30494.5;30487.25;30493.5;267
20260601 092300;30492.25;30493;30490.75;30491.75;159
20260601 092400;30491.75;30491.75;30482.25;30484.25;430
20260601 092500;30484.25;30488.5;30482.25;30485.25;305
20260601 092600;30484.5;30485.25;30474.75;30480.75;811
20260601 092700;30480.75;30484;30476.25;30479.5;342
20260601 092800;30480.25;30487.25;30476.5;30478.5;497
20260601 092900;30477.5;30478.5;30472;30477.25;571
20260601 093000;30477.5;30478.75;30469.25;30472.5;637
20260601 093100;30472.5;30477.5;30467.25;30472.25;636
20260601 093200;30472.25;30480;30468.25;30471.25;745
20260601 093300;30471;30474.25;30470;30471.5;218
20260601 093400;30471.5;30475.75;30471.25;30474.75;314
20260601 093500;30473.75;30476;30468;30474.5;633
20260601 093600;30474.25;30475;30469.25;30470;293
20260601 093700;30471.25;30471.25;30462.75;30465.5;659
20260601 093800;30465.75;30473.5;30464.5;30470;532
20260601 093900;30470.75;30475.75;30470.5;30474.25;475
20260601 094000;30475;30478.25;30468.75;30471.25;616
20260601 094100;30471.25;30473.75;30469.25;30470.25;269
20260601 094200;30470.25;30471.75;30466;30470;318
20260601 094300;30470.25;30474;30466;30471.25;370
20260601 094400;30471.5;30474.75;30466.25;30474.25;398
20260601 094500;30474.5;30475.75;30472;30473.25;506
20260601 094600;30472.75;30475;30471.75;30472.75;278
20260601 094700;30472.5;30473;30466.75;30468.25;337
20260601 094800;30468.25;30470.25;30463.25;30464;610
20260601 094900;30464.25;30468;30459.75;30462.75;566
20260601 095000;30461.75;30462.75;30456;30457;646
20260601 095100;30457.5;30461.25;30455.25;30458.25;534
20260601 095200;30458.5;30462.75;30453.75;30457.75;548
20260601 095300;30458;30460.25;30453.75;30460;324
20260601 095400;30459.75;30465.5;30458.5;30462.75;428
20260601 095500;30463;30464.5;30456.5;30460.25;311
20260601 095600;30461.75;30463.25;30457;30457.75;164
20260601 095700;30457.5;30459;30455.25;30457;263
20260601 095800;30457.25;30468.25;30457;30465.25;541
20260601 095900;30465.25;30465.5;30459.5;30460.75;318
20260601 100000;30461;30464.75;30461;30462.25;190
20260601 100100;30462.25;30470.75;30462;30469.25;647
20260601 100200;30468.5;30470;30464;30467.75;327
20260601 100300;30467.75;30469.5;30464.25;30465.25;322
20260601 100400;30465.5;30470.5;30464;30469.5;292
20260601 100500;30469.25;30472.25;30463;30464.25;392
20260601 100600;30464.25;30464.25;30459;30462.5;354
20260601 100700;30462.5;30462.75;30457.5;30457.5;384
20260601 100800;30457.75;30464.25;30454.25;30464.25;628
20260601 100900;30463.25;30467.5;30462.25;30465.75;500
20260601 101000;30465.5;30470.5;30464.5;30468.75;333
20260601 101100;30468.25;30475;30466;30474.25;497
20260601 101200;30474.25;30483;30473.75;30478.5;1053
20260601 101300;30478;30482.5;30476.5;30482.25;527
20260601 101400;30482.5;30484;30478.25;30480.25;448
20260601 101500;30480.5;30485;30479.75;30483.75;392
20260601 101600;30484;30489;30482.75;30487.75;439
20260601 101700;30487.5;30489;30482;30485.5;400
20260601 101800;30485;30488.5;30481.5;30484;361
20260601 101900;30483.5;30483.5;30478.75;30481.75;341
20260601 102000;30482;30483.5;30476;30480;477
20260601 102100;30480.5;30481;30475;30477.5;599
20260601 102200;30478.5;30482.25;30466;30467.5;873
20260601 102300;30468;30471.75;30466.75;30470.25;546
20260601 102400;30470.25;30475.75;30467.75;30475;515
20260601 102500;30475.5;30478.5;30473.25;30477;382
20260601 102600;30477.25;30482.75;30473.25;30473.75;476
20260601 102700;30473.5;30477.25;30473.5;30476.5;235
20260601 102800;30476.5;30481.5;30476.5;30480.5;303
20260601 102900;30480.5;30483;30479.25;30482.5;255
20260601 103000;30482.75;30489.25;30482.75;30486.75;911
20260601 103100;30486.5;30494.25;30486.5;30493;791
20260601 103200;30493;30501.5;30492.75;30499.5;993
20260601 103300;30499.25;30503.5;30496.75;30498.25;495
20260601 103400;30498.25;30499.75;30491.25;30493.75;496
20260601 103500;30492.75;30501.25;30490.75;30498.75;574
20260601 103600;30498;30502.75;30495;30495.25;452
20260601 103700;30495.25;30503;30493.75;30500.5;389
20260601 103800;30501;30502;30496.25;30498.5;260
20260601 103900;30498.5;30498.5;30495;30496.25;218
20260601 104000;30497;30502.25;30496.75;30497.25;470
20260601 104100;30497.25;30499.75;30493.5;30493.75;303
20260601 104200;30494;30502.75;30494;30501.75;422
20260601 104300;30501.75;30504.75;30500.5;30502.75;533
20260601 104400;30502.5;30502.5;30494.25;30497.75;353
20260601 104500;30498;30501.5;30497.25;30501.5;175
20260601 104600;30500.75;30502.5;30498.75;30502;277
20260601 104700;30501.5;30502.5;30492.75;30494.75;356
20260601 104800;30495.5;30499.5;30495;30499;235
20260601 104900;30498.75;30503.25;30497.75;30503.25;276
20260601 105000;30502.5;30504.5;30501.5;30503.75;434
20260601 105100;30504.25;30505;30501.25;30501.25;401
20260601 105200;30502;30503;30498.75;30499.25;292
20260601 105300;30499.75;30501.75;30496.5;30501.75;423
20260601 105400;30501.25;30501.75;30495.25;30497.5;292
20260601 105500;30497.5;30498;30493.25;30495;330
20260601 105600;30494.75;30495.75;30491;30494.25;508
20260601 105700;30493.75;30499;30492.25;30497.5;298
20260601 105800;30497.25;30499;30495;30495.25;141
20260601 105900;30495.5;30498.25;30493.25;30496.25;236
20260601 110000;30496;30498.5;30490.25;30494.25;435
20260601 110100;30493.75;30497.5;30478.25;30479;1657
20260601 110200;30478.5;30488.25;30476.5;30486.75;729
20260601 110300;30486.5;30492.75;30483.25;30489.25;485
20260601 110400;30490;30492.25;30474.75;30483.25;1026
20260601 110500;30483.25;30486.25;30471.75;30473;847
20260601 110600;30473.25;30480.75;30468;30480.75;907
20260601 110700;30481;30481.75;30472;30479.75;704
20260601 110800;30480;30481.75;30470;30470.75;667
20260601 110900;30471.25;30478.75;30470.5;30478.75;455
20260601 111000;30477.75;30480.75;30474.5;30479.5;430
20260601 111100;30479.25;30480;30469.75;30472.5;596
20260601 111200;30473.25;30473.75;30462;30462.25;982
20260601 111300;30462.5;30469.75;30462;30469.5;417
20260601 111400;30469;30469.5;30461.5;30463.75;473
20260601 111500;30464;30471.75;30463.25;30470.75;488
20260601 111600;30470.5;30471.75;30462;30462;564
20260601 111700;30462.5;30465.75;30459.25;30459.25;606
20260601 111800;30459.75;30465;30458.5;30460;463
20260601 111900;30459.5;30464.25;30455;30460.75;696
20260601 112000;30460.5;30471.25;30459.5;30470.25;684
20260601 112100;30469.75;30471.5;30458.75;30461.75;745
20260601 112200;30461.75;30466.75;30458.25;30466.25;805
20260601 112300;30466.25;30466.75;30459;30461.25;423
20260601 112400;30461.25;30464.5;30457.5;30462.5;390
20260601 112500;30461.5;30465.5;30458.25;30459.75;474
20260601 112600;30458.75;30464;30458.75;30462;351
20260601 112700;30462.25;30464;30459.25;30461.5;314
20260601 112800;30461.5;30461.5;30455.5;30457;462
20260601 112900;30457;30461.75;30450;30456.5;1156
20260601 113000;30457.5;30465.25;30456;30461.5;934
20260601 113100;30460.75;30470.5;30451.5;30470.5;1717
20260601 113200;30469.5;30478.5;30467;30474.25;1593
20260601 113300;30474.25;30477.5;30469;30469.25;1083
20260601 113400;30469;30473.75;30465;30469.5;673
20260601 113500;30470;30476.75;30470;30475.5;556
20260601 113600;30475.5;30483.5;30474.5;30483;839
20260601 113700;30483;30488.75;30480.5;30484.75;806
20260601 113800;30485;30493.75;30484.25;30492;1062
20260601 113900;30492;30495;30487.25;30492.5;782
20260601 114000;30492.5;30498.75;30488.75;30498.75;801
20260601 114100;30498.75;30501.5;30485.5;30485.75;1353
20260601 114200;30486.25;30486.5;30479.25;30480.5;822
20260601 114300;30480.5;30482;30476.75;30478.5;525
20260601 114400;30478;30488.5;30477.75;30488.5;795
20260601 114500;30487.5;30487.5;30479.5;30484.5;540
20260601 114600;30483.5;30490;30483.25;30484.75;681
20260601 114700;30484;30491.25;30483.25;30484.5;426
20260601 114800;30484.5;30487;30481.5;30484.25;391
20260601 114900;30484;30487.5;30481;30482;567
20260601 115000;30482;30485.25;30477.5;30485;610
20260601 115100;30484.5;30486;30475.25;30476.25;468
20260601 115200;30476.25;30481;30471;30476;858
20260601 115300;30475.5;30475.75;30468;30468.75;670
20260601 115400;30469.25;30472.5;30465;30468;673
20260601 115500;30468.25;30469.25;30462.75;30469;616
20260601 115600;30468.5;30471.25;30463.75;30466.75;527
20260601 115700;30466.75;30472.5;30462.5;30468;565
20260601 115800;30467.75;30469.25;30463.25;30463.25;402
20260601 115900;30463.75;30468.5;30463.75;30466.25;273
20260601 120000;30466;30467;30460.5;30462.75;537
20260601 120100;30462;30464.75;30457.75;30458.75;970
20260601 120200;30459.5;30459.75;30453.75;30457;844
20260601 120300;30456.75;30461.75;30447;30451.75;1347
20260601 120400;30451.5;30451.75;30445;30449.75;910
20260601 120500;30449.25;30456.75;30449;30456;955
20260601 120600;30455.5;30463.25;30450.5;30459.75;1207
20260601 120700;30460.5;30463.25;30453.5;30454.5;880
20260601 120800;30454;30455.25;30441.5;30442.75;1650
20260601 120900;30443.5;30448.75;30433.5;30435;1962
20260601 121000;30435.75;30441.25;30434;30434;1155
20260601 121100;30434;30444.25;30430.75;30439;1506
20260601 121200;30438.75;30447.75;30436.25;30446.25;940
20260601 121300;30446.5;30448;30428.75;30435.75;1431
20260601 121400;30436.25;30437;30423.5;30427.75;1494
20260601 121500;30427.25;30431.25;30418.75;30423.25;1637
20260601 121600;30423;30430;30421.25;30422;1146
20260601 121700;30421.75;30435.5;30421.5;30428.25;1132
20260601 121800;30428;30436.25;30423.25;30432.5;746
20260601 121900;30433.5;30434.75;30415;30424.75;2688
20260601 122000;30425;30433.75;30422.75;30432.5;787
20260601 122100;30432.25;30444;30430.25;30439.5;1484
20260601 122200;30439.5;30444;30434.75;30442.25;969
20260601 122300;30442.25;30442.5;30433.25;30437.5;592
20260601 122400;30438;30443.75;30437;30443;491
20260601 122500;30442.75;30449.75;30442.75;30446.5;1305
20260601 122600;30447.25;30458.75;30445;30458;1733
20260601 122700;30458;30459;30453;30457;1097
20260601 122800;30457;30458.5;30451.5;30456.5;786
20260601 122900;30456;30456;30449.25;30453.75;653
20260601 123000;30454.75;30455.25;30448.5;30450.5;633
20260601 123100;30449.75;30451.5;30440.25;30441;1284
20260601 123200;30440.75;30444.5;30437.75;30443.75;744
20260601 123300;30443.5;30456;30441;30450.5;1354
20260601 123400;30450.75;30453.25;30435.75;30437.5;1237
20260601 123500;30437.5;30445.5;30433.25;30444.5;1316
20260601 123600;30444.5;30454.5;30443.25;30450.75;1011
20260601 123700;30450.5;30461.5;30450.25;30458.25;1393
20260601 123800;30458.25;30464.25;30452.75;30463.25;875
20260601 123900;30463.25;30474;30462.75;30474;1813
20260601 124000;30474.25;30480.5;30470;30475.5;1609
20260601 124100;30475.75;30478.25;30472.25;30476.5;1016
20260601 124200;30477;30480.5;30474;30474.25;982
20260601 124300;30474.25;30475.75;30469.25;30471.75;1137
20260601 124400;30471.5;30474.25;30466.25;30467.75;874
20260601 124500;30468;30489.25;30466.25;30485.25;3089
20260601 124600;30485.5;30496.5;30479.5;30480.25;2829
20260601 124700;30480.25;30486.5;30476;30484.5;1199
20260601 124800;30484.5;30484.75;30477.25;30479.25;872
20260601 124900;30479;30482.25;30477.5;30478.25;593
20260601 125000;30478.5;30478.75;30473.25;30475;970
20260601 125100;30474.5;30476.5;30470.5;30472;847
20260601 125200;30471;30474;30466.25;30468.75;1153
20260601 125300;30468.25;30471;30461;30462.5;1307
20260601 125400;30462.75;30464;30456.75;30459.25;1173
20260601 125500;30459.25;30461;30451.25;30457;1562
20260601 125600;30457.25;30460;30452;30453.25;968
20260601 125700;30454;30457.5;30453;30454.5;781
20260601 125800;30455;30456;30452;30452.75;632
20260601 125900;30453;30458.5;30447.5;30448.25;1231
20260601 130000;30448;30453;30445.75;30449.25;1180
20260601 130100;30449.25;30454.5;30443.5;30448.5;1604
20260601 130200;30449;30450.75;30442.25;30444;1162
20260601 130300;30444.25;30447.25;30435.5;30435.5;1095
20260601 130400;30435.5;30443;30430.25;30442.25;2093
20260601 130500;30442.75;30447.25;30435;30436.75;1573
20260601 130600;30436.5;30437.5;30429.5;30431.25;1394
20260601 130700;30431.25;30440.5;30430;30439.75;1133
20260601 130800;30439.75;30450.5;30438.75;30449.25;1537
20260601 130900;30449.5;30453.5;30448;30450.75;1178
20260601 131000;30451.25;30456.25;30446.75;30450;1370
20260601 131100;30450.5;30456.25;30425;30429;3118
20260601 131200;30429.25;30431.5;30357;30365.25;14100
20260601 131300;30365.25;30382;30330.25;30341.25;10878
20260601 131400;30341.25;30364.5;30315.25;30327.5;8985
20260601 131500;30326.5;30350;30318.5;30347.25;5544
20260601 131600;30349;30364;30338.25;30345;5149
20260601 131700;30344.75;30362.25;30339.5;30362;4222
20260601 131800;30362.75;30380.75;30362;30376.5;4692
20260601 131900;30376.5;30377;30360.5;30366.75;2504
20260601 132000;30367.25;30369.5;30346.25;30349.75;3253
20260601 132100;30350.25;30356;30340;30341.75;2847
20260601 132200;30342.25;30350.75;30320.75;30330.5;4501
20260601 132300;30330.5;30334.25;30313;30329.25;4252
20260601 132400;30329.75;30339.25;30319.5;30321.25;3095
20260601 132500;30321;30321.75;30295.25;30295.75;5038
20260601 132600;30295.25;30313.75;30292.25;30313.25;4772
20260601 132700;30313.5;30314.5;30292.75;30293;2551
20260601 132800;30294;30309.5;30291;30306.5;3367
20260601 132900;30306.5;30325;30303.5;30321.25;3681
20260601 133000;30321.75;30348.75;30314;30343;4812
20260601 133100;30343;30372;30305;30318.5;15021
20260601 133200;30318.5;30390;30309;30355.5;16164
20260601 133300;30356.25;30406;30354;30399.25;11114
20260601 133400;30399;30422;30384.25;30391.5;13564
20260601 133500;30392.5;30412.75;30367.75;30379.75;10076
20260601 133600;30379.5;30436;30371.5;30435.75;13579
20260601 133700;30436.25;30445.75;30407.75;30419.75;13605
20260601 133800;30419.5;30448;30408.75;30447;8559
20260601 133900;30446.5;30459.25;30434.25;30448.25;8375
20260601 134000;30448.5;30462;30433;30436;7579
20260601 134100;30436;30445.75;30407.25;30408.5;10893
20260601 134200;30408;30432.75;30408;30425.25;7819
20260601 134300;30425.75;30440;30402.75;30432.5;8045
20260601 134400;30433;30449.5;30424.5;30443.25;5405
20260601 134500;30442.5;30448;30409.5;30413;5533
20260601 134600;30412;30436;30410.75;30435.5;4583
20260601 134700;30436;30452;30427.25;30446;6350
20260601 134800;30446;30467.25;30445.25;30455.25;9697
20260601 134900;30455.25;30465.5;30431.5;30448;7713
20260601 135000;30447.5;30449.5;30424;30427.25;6381
20260601 135100;30428;30451;30425.25;30436.75;6157
20260601 135200;30436.5;30449.25;30394.75;30417.5;11250
20260601 135300;30418.25;30421.5;30389.25;30397;8009
20260601 135400;30397;30414.5;30394.25;30411.25;6629
20260601 135500;30411.25;30413.25;30377;30377.5;7971
20260601 135600;30377.5;30383.5;30356.25;30359.25;9439
20260601 135700;30359.25;30375.75;30351.75;30358;7247
20260601 135800;30357.5;30367.25;30343;30358.25;7262
20260601 135900;30358;30359;30331;30333.25;6497
20260601 140000;30332.75;30334.5;30305.25;30316;7065
20260601 140100;30313.75;30343.25;30296.5;30313.75;11123
20260601 140200;30313.75;30338.25;30311.25;30333.75;7070
20260601 140300;30334;30342.5;30310;30320.25;7000
20260601 140400;30319.25;30323.75;30296;30300;8176
20260601 140500;30300.5;30314;30295;30308;6868
20260601 140600;30308.5;30347;30303;30340;9960
20260601 140700;30339.75;30343.75;30318.75;30332;6630
20260601 140800;30331.75;30352.5;30313;30352.25;7422
20260601 140900;30351.25;30378;30344.25;30370.25;9590
20260601 141000;30370.75;30384;30362;30374.25;7662
20260601 141100;30373.75;30379.25;30342;30366.25;8380
20260601 141200;30365.25;30372.5;30345.5;30355.5;6036
20260601 141300;30355.5;30365.25;30336;30354.75;6777
20260601 141400;30354.5;30377.5;30343.75;30366.5;5581
20260601 141500;30366.5;30378.5;30351.5;30352.25;4793
20260601 141600;30352.25;30373;30349.25;30350.75;4597
20260601 141700;30351.25;30403.5;30338.5;30391.25;13809
20260601 141800;30392;30394.5;30366;30371;7171
20260601 141900;30370.25;30385.5;30347.75;30362.5;6336
20260601 142000;30361.75;30377.5;30358.5;30365.5;3695
20260601 142100;30364;30384.5;30359;30379.5;4975
20260601 142200;30379.75;30401.75;30372.75;30400.25;5981
20260601 142300;30400.25;30418.25;30397.5;30408.25;7377
20260601 142400;30408.25;30419.75;30400.25;30411.25;4403
20260601 142500;30411;30421.5;30402.25;30405.25;4407
20260601 142600;30405.5;30410.75;30390.75;30392.5;6453
20260601 142700;30392.75;30395.5;30376.5;30380.25;6540
20260601 142800;30380.5;30394.25;30374;30383;4446
20260601 142900;30383;30405.25;30377;30403.25;5004
20260601 143000;30402.75;30404;30379;30381.5;6378
20260601 143100;30381.5;30413.5;30368.25;30412.25;10132
20260601 143200;30412.5;30414.25;30392.25;30407.75;4692
20260601 143300;30408;30431.75;30402;30421.75;7242
20260601 143400;30421.75;30423.5;30410;30411.75;5070
20260601 143500;30411.5;30416.5;30401.5;30415.75;4217
20260601 143600;30415.5;30431.25;30411.75;30414;5618
20260601 143700;30414.5;30423.75;30405.75;30416.5;4056
20260601 143800;30416.5;30426.5;30393;30397.75;4804
20260601 143900;30397.5;30406;30390.25;30402.75;4593
20260601 144000;30403.25;30416;30400;30404.5;3611
20260601 144100;30403.75;30419.5;30397.5;30415.75;3560
20260601 144200;30416.25;30430.5;30410.5;30422.75;4179
20260601 144300;30422.5;30430.25;30409;30415.5;3370
20260601 144400;30415.5;30426;30413.25;30422.5;2791
20260601 144500;30422.75;30426;30406.75;30419.75;3207
20260601 144600;30419.75;30428.5;30411.25;30416.25;3094
20260601 144700;30416.75;30426.5;30412;30416.25;2250
20260601 144800;30416;30419.25;30406.25;30406.75;3020
20260601 144900;30407;30442.5;30406.25;30440.5;6179
20260601 145000;30441;30444.75;30428.25;30430;4886
20260601 145100;30430.25;30434.25;30420.5;30430.25;3942
20260601 145200;30430.5;30447;30425.5;30426.75;5010
20260601 145300;30427;30439.75;30411.5;30424.75;5616
20260601 145400;30425;30439.75;30423.75;30433.5;2473
20260601 145500;30434.5;30439;30427.75;30431;2219
20260601 145600;30431;30440.25;30423;30432;2898
20260601 145700;30431.75;30434;30423;30426.25;1857
20260601 145800;30425.5;30427.5;30414.5;30417.75;3503
20260601 145900;30418;30434.5;30417.5;30430;2877
20260601 150000;30429.5;30438.25;30423;30437.25;2007
20260601 150100;30437;30449.75;30432;30434;5208
20260601 150200;30434;30446.25;30427;30438;3602
20260601 150300;30437.5;30445.75;30432;30442.75;2635
20260601 150400;30442.25;30447;30421.75;30421.75;3691
20260601 150500;30422.25;30434.5;30420;30431.75;3510
20260601 150600;30432.25;30442.25;30412.5;30441.25;6403
20260601 150700;30441;30456;30435.75;30449.5;4633
20260601 150800;30449.75;30452.5;30443.5;30450.25;2696
20260601 150900;30450.25;30457.75;30437.5;30447.5;4460
20260601 151000;30448;30451.5;30428.75;30439.25;3887
20260601 151100;30439.25;30443;30430.75;30432.75;2666
20260601 151200;30432.5;30434.5;30415.75;30416.5;4254
20260601 151300;30417;30440.25;30416.75;30438;3246
20260601 151400;30438.5;30451.5;30435.5;30449;3241
20260601 151500;30448.5;30454;30442;30445;3488
20260601 151600;30445.5;30460;30445;30459;4260
20260601 151700;30458.75;30463;30451;30458;2877
20260601 151800;30458;30472;30458;30463.5;4729
20260601 151900;30464;30469.5;30449.75;30468.5;4641
20260601 152000;30468.25;30469.25;30460;30462.75;2017
20260601 152100;30463;30481;30462.75;30479;4865
20260601 152200;30479;30483.25;30475;30477.75;3445
20260601 152300;30477.75;30488.75;30477.25;30487.25;3731
20260601 152400;30487;30489.25;30476.75;30481.25;3732
20260601 152500;30481;30485;30474.75;30477.25;2460
20260601 152600;30477.5;30482;30473.75;30481.75;2575
20260601 152700;30481.5;30482.25;30465;30467;3278
20260601 152800;30467.25;30477.75;30462;30475;4031
20260601 152900;30475.5;30483;30471.25;30482.25;2783
20260601 153000;30482.5;30487.5;30478.25;30479.25;3305
20260601 153100;30479.25;30541;30477.75;30529;22386
20260601 153200;30528.25;30536.25;30513;30526.25;10304
20260601 153300;30526;30538.5;30523.25;30536.5;5067
20260601 153400;30536;30548;30535;30541.5;5063
20260601 153500;30542;30543.5;30532.25;30534.25;4609
20260601 153600;30534.25;30554;30531;30543.75;6541
20260601 153700;30543.5;30551;30541.75;30544.5;3015
20260601 153800;30544.75;30547;30532.5;30535.5;3460
20260601 153900;30535.25;30541.25;30532.25;30538.25;2366
20260601 154000;30538.5;30539.5;30533.25;30537;1942
20260601 154100;30537.25;30540;30520.25;30524.75;5248
20260601 154200;30524.75;30538.5;30524.25;30534;3387
20260601 154300;30534;30545.75;30532.75;30544.5;2930
20260601 154400;30544.25;30548.25;30539.5;30542.5;2374
20260601 154500;30542.5;30543;30530.25;30537.75;3019
20260601 154600;30538;30541;30530.75;30530.75;2460
20260601 154700;30530.25;30538.75;30530.25;30530.25;1501
20260601 154800;30530.5;30530.75;30523.25;30526.75;2792
20260601 154900;30526.5;30528;30512.5;30519.5;4046
20260601 155000;30519.5;30526.5;30507;30508.5;4618
20260601 155100;30508.25;30514;30500;30508;4607
20260601 155200;30508;30513;30502.25;30506.75;2197
20260601 155300;30506.5;30522;30505.5;30519.75;3647
20260601 155400;30519.75;30529.25;30519.5;30529.25;2787
20260601 155500;30528.5;30529.5;30521.5;30526.75;2020
20260601 155600;30526.25;30528;30508.25;30508.25;3014
20260601 155700;30508.5;30512.75;30504;30505.75;2499
20260601 155800;30505.25;30508.25;30496.5;30507.25;3682
20260601 155900;30506.5;30507.75;30499.5;30500.75;1820
20260601 160000;30500.75;30502.5;30496.25;30501.75;2125
20260601 160100;30501.5;30535;30501;30530.5;8325
20260601 160200;30530.5;30534.5;30520.5;30526;3530
20260601 160300;30526;30529.5;30516.75;30519;2053
20260601 160400;30519;30523.5;30515;30518.25;2017
20260601 160500;30519;30524.25;30510;30512.5;1945
20260601 160600;30512.25;30514.25;30502;30502.25;1949
20260601 160700;30502.5;30506;30496.25;30502.5;2775
20260601 160800;30502.5;30511;30498.75;30503.5;2391
20260601 160900;30503.5;30508.75;30497.75;30501;1726
20260601 161000;30501;30507;30500.25;30503;1038
20260601 161100;30503.25;30505.75;30481.5;30490.25;6400
20260601 161200;30490;30492;30476.25;30485;4776
20260601 161300;30484.75;30485.25;30472;30476.5;3715
20260601 161400;30476.5;30484.75;30470.5;30483;3181
20260601 161500;30482.75;30489.25;30481.75;30482.5;2854
20260601 161600;30482.5;30489.25;30467.75;30469;4135
20260601 161700;30469;30477.75;30466.75;30470;2690
20260601 161800;30470.25;30475.5;30450;30462;6438
20260601 161900;30461.75;30464;30451;30463;3177
20260601 162000;30462.5;30476.75;30461;30473.75;3590
20260601 162100;30474.5;30481;30471.5;30478.75;3039
20260601 162200;30478.5;30483.75;30475.5;30483;1958
20260601 162300;30483;30483.75;30471;30478.25;2279
20260601 162400;30478.25;30493;30477.5;30493;2896
20260601 162500;30492.5;30502;30491.5;30499.25;3117
20260601 162600;30499.25;30504.75;30492.75;30499.25;2819
20260601 162700;30499;30504.25;30492;30503;2235
20260601 162800;30503;30503.25;30497.5;30499.75;1265
20260601 162900;30500;30506.75;30497.25;30502;1841
20260601 163000;30503;30514.25;30497.75;30510;4304
20260601 163100;30510.5;30525.75;30510.25;30516.25;6691
20260601 163200;30516.5;30526;30513.25;30525;1962
20260601 163300;30525.25;30536.25;30519.75;30531.25;5290
20260601 163400;30531.25;30538.75;30527;30532.5;3793
20260601 163500;30532.5;30533;30527;30530.25;1928
20260601 163600;30530.5;30536.25;30529;30535;1758
20260601 163700;30534.75;30538.5;30519.5;30520.5;3445
20260601 163800;30520.75;30533;30517.25;30533;2702
20260601 163900;30533.25;30540.75;30530.5;30538.75;2155
20260601 164000;30539.5;30540.25;30532;30535.25;2097
20260601 164100;30535.5;30539;30533.5;30534;1412
20260601 164200;30534;30534;30526;30531.5;2003
20260601 164300;30531.25;30531.25;30524;30529.5;1490
20260601 164400;30529.25;30530;30524.25;30525.25;1139
20260601 164500;30525.5;30532;30522;30523.25;1824
20260601 164600;30523.5;30526;30508.25;30510;3363
20260601 164700;30510;30515;30507;30514;2752
20260601 164800;30514;30523.25;30511.5;30522.5;2468
20260601 164900;30522.25;30525.5;30517.5;30517.75;2304
20260601 165000;30517.5;30527.25;30515;30525.25;2090
20260601 165100;30525.5;30533.75;30522.5;30533.25;2597
20260601 165200;30533.5;30544.5;30532.75;30542.75;3687
20260601 165300;30543.5;30558;30542.75;30556;5761
20260601 165400;30556.25;30574.5;30555.5;30562.5;6562
20260601 165500;30562.5;30575;30558.25;30572.5;4040
20260601 165600;30572.75;30584.25;30571.25;30575.5;5162
20260601 165700;30575.5;30579.75;30570.75;30577.25;3097
20260601 165800;30577;30582.5;30572;30575.5;2593
20260601 165900;30575.25;30577;30565.75;30574.5;2941
20260601 170000;30574.5;30583.25;30574.5;30581;2084
20260601 170100;30581.25;30585;30571.75;30579.75;3833
20260601 170200;30579.25;30580;30564.25;30569.75;4118
20260601 170300;30569;30573.5;30564.25;30568.25;1830
20260601 170400;30567.75;30570.25;30550.25;30553;4261
20260601 170500;30553;30559.75;30547.75;30548;2619
20260601 170600;30548;30558.5;30548;30556.75;1849
20260601 170700;30557;30559.5;30545.5;30546;2357
20260601 170800;30546.25;30552.5;30543.5;30551.25;2009
20260601 170900;30551.5;30552.5;30537.5;30547.75;3285
20260601 171000;30547.25;30547.5;30535;30539.5;1934
20260601 171100;30539.75;30549.25;30538.75;30544.75;2207
20260601 171200;30544.5;30549;30542.75;30542.75;1439
20260601 171300;30543.5;30554;30542.5;30553.75;2304
20260601 171400;30554;30557.5;30549.5;30553.5;2321
20260601 171500;30554;30555.75;30544.5;30550.25;1948
20260601 171600;30550;30559.25;30545;30558.5;1947
20260601 171700;30558.5;30558.75;30550.25;30552.25;1190
20260601 171800;30552.25;30555.25;30547.75;30548.75;1567
20260601 171900;30548;30548.5;30538.75;30540.75;2348
20260601 172000;30540.75;30545.5;30538.25;30543;1505
20260601 172100;30543.25;30555.75;30538;30555.75;2417
20260601 172200;30555.75;30561.25;30552;30558;2326
20260601 172300;30558;30560.75;30553.75;30557.5;1296
20260601 172400;30557.75;30561.75;30555.75;30558.25;1241
20260601 172500;30558.5;30559.25;30546.25;30557;2725
20260601 172600;30556.75;30560;30547.25;30550.5;1641
20260601 172700;30550.5;30559.25;30549.75;30557;1425
20260601 172800;30556.5;30559;30554.5;30555.75;700
20260601 172900;30555.75;30556.25;30551.5;30553;929
20260601 173000;30554;30602.75;30551.25;30601.75;10231
20260601 173100;30601.5;30618.5;30585.25;30609.25;11652
20260601 173200;30609.75;30616.75;30591.5;30600.5;6558
20260601 173300;30600.25;30601.75;30577;30581.5;4731
20260601 173400;30581.5;30584.25;30572;30574.5;3024
20260601 173500;30574.75;30579.5;30568.5;30576;2803
20260601 173600;30576;30580.75;30569;30579.75;2545
20260601 173700;30580;30587.75;30578.5;30580.5;3144
20260601 173800;30580.5;30597.25;30580.25;30595.75;4521
20260601 173900;30596;30603;30593.5;30601;3613
20260601 174000;30601.25;30603.75;30596;30597;2183
20260601 174100;30597.5;30620;30592.5;30616.25;4729
20260601 174200;30616.25;30616.5;30607;30610.25;2890
20260601 174300;30610.5;30627.5;30608.25;30627;3616
20260601 174400;30626.75;30659.25;30622.5;30639.25;9971
20260601 174500;30639;30667;30636.25;30651;7463
20260601 174600;30651.5;30663.75;30651.25;30662;3987
20260601 174700;30661.5;30681.75;30661;30679.25;5615
20260601 174800;30679.5;30683;30669.5;30681.25;5399
20260601 174900;30681.25;30681.25;30666.25;30667;3525
20260601 175000;30667;30673.75;30665.5;30673.25;2313
20260601 175100;30673.5;30679;30669.25;30679;3229
20260601 175200;30679;30687;30673.75;30676;3336
20260601 175300;30676;30682.5;30674;30681.75;1863
20260601 175400;30681.75;30690.75;30678.75;30689;2996
20260601 175500;30688.75;30692;30685;30690.25;2548
20260601 175600;30690.25;30691.25;30685;30689.75;1911
20260601 175700;30689.5;30689.75;30681.5;30686.25;2305
20260601 175800;30686.75;30687;30673;30673.25;2567
20260601 175900;30673.5;30675.75;30667;30669;2913
20260601 180000;30669;30676.75;30663.25;30670.5;3349
20260601 180100;30670;30674;30665;30670.75;2468
20260601 180200;30671;30675;30666.25;30671.25;1764
20260601 180300;30671.5;30672.75;30664.75;30672;1392
20260601 180400;30671.75;30674.75;30666.25;30671;1579
20260601 180500;30671.25;30673.5;30663.75;30667.25;1586
20260601 180600;30667.5;30671.75;30660;30663;1924
20260601 180700;30663;30667.5;30662;30664.25;1260
20260601 180800;30664.5;30668;30659;30660.25;1514
20260601 180900;30660.25;30661.5;30654.25;30656.25;2273
20260601 181000;30656.25;30664;30653;30660.75;2050
20260601 181100;30660.5;30665.5;30655.25;30656;2349
20260601 181200;30656.5;30659.5;30648.5;30649.5;2114
20260601 181300;30649.25;30650;30639.25;30639.75;2701
20260601 181400;30639.5;30642;30631.5;30633;2664
20260601 181500;30633;30637.5;30629.75;30635;2395
20260601 181600;30635;30639.5;30626.5;30631;2956
20260601 181700;30630.75;30638;30628.75;30629.5;1980
20260601 181800;30629.5;30636.5;30627;30635.75;1877
20260601 181900;30635.75;30646.5;30634.75;30645;3111
20260601 182000;30645.25;30649.25;30642.75;30647.25;2298
20260601 182100;30647.25;30653.75;30645;30650.75;2460
20260601 182200;30651;30655.75;30646;30649;2094
20260601 182300;30647.75;30651.5;30641.75;30646.25;1853
20260601 182400;30645.75;30649.25;30645.5;30647;962
20260601 182500;30647.25;30648.5;30644.5;30647;766
20260601 182600;30647.5;30648.5;30638.5;30642.25;1503
20260601 182700;30642.25;30644.5;30638.5;30639.25;1338
20260601 182800;30638.75;30650.5;30637.25;30649.75;1718
20260601 182900;30650;30651.25;30643.25;30648.25;1144
20260601 183000;30647.25;30649.75;30643;30646.75;955
20260601 183100;30646.75;30648.75;30638.75;30640;1380
20260601 183200;30640.5;30641.75;30632.25;30636;2152
20260601 183300;30636.25;30638.75;30633;30638.25;925
20260601 183400;30637.5;30645;30635.25;30644.75;1737
20260601 183500;30644;30653;30643.5;30650.5;2072
20260601 183600;30650.5;30654.75;30646;30646.75;1689
20260601 183700;30647;30652;30645;30649.75;1117
20260601 183800;30649.5;30651.5;30646.75;30648.5;960
20260601 183900;30648.25;30650;30635;30635.25;2540
20260601 184000;30635.5;30637.75;30633.5;30636.75;1639
20260601 184100;30637;30644.25;30635.25;30640.5;1456
20260601 184200;30640.25;30641.25;30634;30636.5;1585
20260601 184300;30636.5;30639.25;30631.25;30635.5;1496
20260601 184400;30635.25;30641;30631.5;30641;1410
20260601 184500;30640.75;30644.25;30638;30642.25;1349
20260601 184600;30642.25;30643.25;30632.75;30633.5;1135
20260601 184700;30633.75;30639.75;30630.25;30635.5;1488
20260601 184800;30635.25;30636;30631.25;30632;784
20260601 184900;30632.25;30635.75;30627.5;30628.25;1375
20260601 185000;30628.25;30632.25;30620.75;30623.5;2650
20260601 185100;30623.5;30625.75;30615;30620;2753
20260601 185200;30619.5;30623.75;30619.5;30620.75;1235
20260601 185300;30620.25;30621;30613.5;30616.75;1735
20260601 185400;30616.75;30629.75;30616.5;30623.25;2882
20260601 185500;30623.75;30629.25;30622.5;30626.5;1246
20260601 185600;30626.5;30629.75;30624.75;30629.75;971
20260601 185700;30629.75;30634.5;30628.5;30631;1981
20260601 185800;30631;30641;30627.5;30640.25;2228
20260601 185900;30640;30645;30635;30638;2308
20260601 190000;30638;30638;30621.75;30623.25;2700
20260601 190100;30622.5;30625.75;30611;30616;4247
20260601 190200;30616.25;30632.25;30615.5;30623.75;2974
20260601 190300;30623.5;30631.25;30620.5;30630.25;1431
20260601 190400;30630.75;30633.5;30617.75;30631.25;2300
20260601 190500;30630.75;30638.75;30628.75;30638.5;1625
20260601 190600;30638.25;30640.25;30631.75;30639.5;2114
20260601 190700;30639.75;30641;30633;30636.5;1549
20260601 190800;30636.75;30636.75;30618.75;30626.5;3709
20260601 190900;30626;30629;30622;30626.5;1537
20260601 191000;30626;30637;30624.5;30636.25;1556
20260601 191100;30635.75;30641.5;30628;30640.5;2107
20260601 191200;30640.75;30647.75;30638.75;30642.75;2571
20260601 191300;30642.5;30645.25;30636.5;30640.25;1592
20260601 191400;30640.5;30643;30631.25;30633.5;1435
20260601 191500;30633.75;30641;30629.75;30630.5;2140
20260601 191600;30630.5;30632.25;30624.5;30625.25;2014
20260601 191700;30625.25;30633;30622.5;30623;1663
20260601 191800;30623;30626.5;30618;30626.25;1827
20260601 191900;30626.25;30631;30623.25;30624.5;1397
20260601 192000;30624.5;30628.25;30622;30623;1209
20260601 192100;30623;30626.5;30619.5;30621;1276
20260601 192200;30621;30627.5;30617;30626.5;1833
20260601 192300;30626.5;30627.75;30619.75;30620.75;1246
20260601 192400;30620.5;30625.25;30618.25;30618.75;1112
20260601 192500;30618.5;30626;30614;30623.75;1766
20260601 192600;30623.75;30624.75;30619.25;30623.25;741
20260601 192700;30623;30625.75;30617.75;30625.25;1016
20260601 192800;30625.5;30630.25;30625.25;30628.75;1614
20260601 192900;30628.25;30631.75;30627.5;30629;1630
20260601 193000;30629.5;30631;30621.75;30624.75;1331
20260601 193100;30624.5;30624.75;30616;30616.25;2097
20260601 193200;30616.25;30619;30606;30607;3424
20260601 193300;30607;30613.5;30602;30610;3053
20260601 193400;30610.5;30612.75;30604.5;30604.5;1486
20260601 193500;30604.5;30606.5;30594;30595.75;3219
20260601 193600;30595.75;30601.5;30590;30591;3619
20260601 193700;30590.75;30594.75;30584.25;30587.75;4457
20260601 193800;30587.5;30592.75;30583.5;30584.75;1967
20260601 193900;30585;30597.5;30584.5;30597;2392
20260601 194000;30597.25;30601;30594.75;30598;2313
20260601 194100;30598;30598;30589.25;30593.5;1995
20260601 194200;30593.75;30597;30588;30588.25;1161
20260601 194300;30589;30596.75;30585.25;30587.75;1562
20260601 194400;30587.5;30589.75;30584.5;30588;1368
20260601 194500;30588;30592.25;30584.75;30588.25;1446
20260601 194600;30588.25;30593.75;30580.25;30584;2853
20260601 194700;30584.25;30595.5;30580.75;30582.5;3329
20260601 194800;30582.25;30587.5;30578.75;30583;1953
20260601 194900;30582.75;30583;30575.5;30575.5;1849
20260601 195000;30576;30579.25;30570.25;30573.25;3068
20260601 195100;30573.25;30587;30560;30564.5;5588
20260601 195200;30564.5;30573.5;30563.75;30570.5;2334
20260601 195300;30570.75;30577;30566.25;30568.75;2814
20260601 195400;30569.5;30578;30568.25;30575.5;2163
20260601 195500;30574.25;30586;30565.75;30570.25;4519
20260601 195600;30570.25;30572;30560.75;30563;3378
20260601 195700;30562.25;30564;30556;30561.5;2900
20260601 195800;30561.5;30562.25;30556;30559.75;1799
20260601 195900;30560;30563.25;30556.5;30560.5;2105
20260601 200000;30560.5;30574;30560.25;30571.5;9621
20260601 200100;30571.25;30575;30556;30559.25;4641
20260601 200200;30559.25;30562;30555.25;30558.75;1501
20260601 200300;30558.5;30570.5;30556.25;30565.75;1528
20260601 200400;30565.75;30568;30560.5;30565.75;861
20260601 200500;30565.75;30568;30563.75;30567;567
20260601 200600;30566.75;30569;30561.75;30566.25;768
20260601 200700;30566.5;30567.5;30556;30556.75;940
20260601 200800;30557.25;30557.5;30550.5;30554;955
20260601 200900;30554.5;30557;30546.75;30551;1148
20260601 201000;30551.25;30557;30550.75;30551.5;775
20260601 201100;30551.25;30555.25;30548.75;30553.75;654
20260601 201200;30554;30559.75;30553.75;30556.25;617
20260601 201300;30555;30557.75;30554;30556.75;328
20260601 201400;30557;30561;30557;30558.75;607
20260601 201500;30558.5;30560;30556.25;30556.25;478
20260601 201600;30556.25;30556.25;30539.25;30541.5;2209
20260601 201700;30540.75;30546;30539.75;30543;896
20260601 201800;30543;30547.25;30541.75;30546.75;434
20260601 201900;30547;30549.75;30544.5;30549.75;448
20260601 202000;30549;30550.75;30546.75;30549.25;386
20260601 202100;30549.5;30550.75;30547.5;30549.75;268
20260601 202200;30549.75;30554;30549.75;30553.25;326
20260601 202300;30553.5;30553.5;30546.75;30548.5;431
20260601 202400;30548;30548;30544.75;30546;405
20260601 202500;30545.75;30549.25;30545.5;30548.75;274
20260601 202600;30548.75;30550.25;30544.5;30549.5;378
20260601 202700;30549.25;30549.75;30540.5;30542;503
20260601 202800;30542;30544;30541.5;30542;260
20260601 202900;30542;30546.5;30541.25;30545.25;377
20260601 203000;30545;30546;30543.75;30545.75;188
20260601 203100;30545.75;30546.25;30539.75;30542;449
20260601 203200;30542;30548.25;30542;30548;420
20260601 203300;30548;30549;30545.75;30549;236
20260601 203400;30548.75;30552.75;30548.75;30551.75;438
20260601 203500;30552.25;30555.25;30551;30554;723
20260601 203600;30554.5;30560;30552.75;30558.25;672
20260601 203700;30558.25;30558.75;30554.25;30554.25;384
20260601 203800;30554.75;30557.5;30554.5;30555.5;238
20260601 203900;30555.25;30556.5;30554.5;30554.75;186
20260601 204000;30554.75;30555.5;30544.25;30544.75;764
20260601 204100;30544.5;30564;30539.5;30560;1901
20260601 204200;30560;30565.75;30555.25;30563.5;1048
20260601 204300;30563.25;30573.25;30560.5;30567.75;1803
20260601 204400;30567.75;30570.25;30559;30560.75;1017
20260601 204500;30561.5;30561.5;30551.25;30554.75;951
20260601 204600;30554.5;30555.75;30531.75;30533.25;2211
20260601 204700;30534;30537.75;30527;30534.75;1125
20260601 204800;30534.5;30541;30531.5;30538.5;625
20260601 204900;30538.5;30543.25;30536;30539.75;683
20260601 205000;30539.5;30544.75;30538.25;30542.75;378
20260601 205100;30543.25;30544.5;30535.5;30537.75;464
20260601 205200;30538.25;30540.5;30531.75;30535.25;484
20260601 205300;30535.25;30538.75;30532.5;30536.5;356
20260601 205400;30536.75;30539.5;30524.25;30528.5;851
20260601 205500;30528;30532.25;30523.75;30527;1019
20260601 205600;30527;30529;30514.5;30515.5;1043
20260601 205700;30515.75;30517.75;30509.75;30511.25;769
20260601 205800;30511.5;30515.75;30508.75;30510;593
20260601 205900;30510.25;30522;30505;30522;738
20260601 210000;30522.25;30531.75;30520;30523.75;593
20260601 220100;30542.75;30550;30509.25;30511;1758
20260601 220200;30511.25;30516;30501.25;30502.25;1205
20260601 220300;30503;30506.75;30491.25;30492.75;1334
20260601 220400;30493.5;30500.5;30486.75;30495;1245
20260601 220500;30494.75;30496.25;30484;30486;922
20260601 220600;30486;30496.5;30477;30479.25;1262
20260601 220700;30479;30481.5;30467;30467.25;1801
20260601 220800;30468;30474.25;30463.5;30473;1196
20260601 220900;30473;30484.25;30455;30456.75;1813
20260601 221000;30457.5;30482;30456.5;30480.75;1201
20260601 221100;30480.75;30482.25;30475;30480.75;537
20260601 221200;30481.5;30485.5;30477;30477.25;807
20260601 221300;30477.25;30482;30476.5;30480.5;381
20260601 221400;30479.5;30482.25;30475.5;30478.5;421
20260601 221500;30478;30479.25;30475.5;30476.25;338
20260601 221600;30476;30482;30469.5;30481;760
20260601 221700;30481;30486;30475.75;30484;667
20260601 221800;30484;30489;30475;30479.5;1076
20260601 221900;30479;30482.5;30478;30482;260
20260601 222000;30482;30484.25;30475.5;30476;497
20260601 222100;30475.5;30479;30470;30472.25;625
20260601 222200;30472;30473;30453;30462.25;1634
20260601 222300;30462.25;30466.25;30454.75;30466.25;821
20260601 222400;30466;30476;30466;30467;931
20260601 222500;30466.75;30474.5;30466.75;30471.75;643
20260601 222600;30471.5;30476.5;30459.5;30461.5;795
20260601 222700;30461.5;30472;30459.75;30465;654
20260601 222800;30465.5;30466.5;30462.25;30463.75;317
20260601 222900;30463.75;30465.75;30456;30457.25;518
20260601 223000;30458.25;30461.5;30451.25;30455;1220
20260601 223100;30454.5;30463.75;30451.25;30463;792
20260601 223200;30462.75;30463.75;30456;30456.75;318
20260601 223300;30457.5;30461.75;30455;30459;396
20260601 223400;30459.5;30460.25;30456.5;30458.5;209
20260601 223500;30459.25;30459.75;30455;30458.25;312
20260601 223600;30458.25;30463;30455.5;30458.5;407
20260601 223700;30458.75;30462;30457;30458.5;277
20260601 223800;30458.25;30458.5;30452;30454.5;372
20260601 223900;30455;30459;30441;30446;1670
20260601 224000;30446.75;30451.25;30445.5;30450.75;573
20260601 224100;30450.75;30454;30444.5;30451;485
20260601 224200;30451.25;30454.25;30446.25;30448.25;422
20260601 224300;30447.5;30451;30442.25;30444.75;551
20260601 224400;30445.5;30447.5;30441;30443.5;523
20260601 224500;30444;30445.75;30435;30445.25;990
20260601 224600;30445.5;30453;30444.75;30448.25;776
20260601 224700;30449;30455.25;30448.25;30454.25;558
20260601 224800;30453.5;30455.5;30446.5;30448.25;761
20260601 224900;30448.25;30449.5;30444.75;30448.75;406
20260601 225000;30448.25;30448.25;30442.5;30446.25;488
20260601 225100;30446;30446.25;30442.5;30444.25;309
20260601 225200;30444.75;30453.5;30444;30451.5;581
20260601 225300;30451.25;30453.75;30450.5;30453;309
20260601 225400;30452.75;30453.25;30446.25;30448.75;498
20260601 225500;30449;30451;30436.5;30440.25;762
20260601 225600;30440.25;30442.5;30431;30437.5;963
20260601 225700;30437.75;30444.5;30436.5;30442.75;555
20260601 225800;30443.5;30450.75;30439.75;30448.75;578
20260601 225900;30448.75;30457;30448.25;30453.25;862
20260601 230000;30453.5;30461.75;30452.75;30458.75;822
20260601 230100;30458;30462;30454;30457.75;752
20260601 230200;30457.25;30461.5;30455.75;30461.5;473
20260601 230300;30460.75;30462.75;30456.75;30458.5;422
20260601 230400;30458.5;30466.25;30458.25;30462.25;722
20260601 230500;30462.25;30465.75;30460.5;30461.5;529
20260601 230600;30461;30462;30453.5;30456.5;632
20260601 230700;30455.5;30456.75;30446.25;30451.75;824
20260601 230800;30451.75;30457;30450.25;30455.25;323
20260601 230900;30455;30459.25;30451.75;30459.25;285
20260601 231000;30458.5;30465.5;30457.25;30463.25;683
20260601 231100;30462.75;30463;30457.5;30458.5;377
20260601 231200;30458.75;30464;30458.25;30462.75;247
20260601 231300;30462;30462.5;30460.75;30461;164
20260601 231400;30461;30462.75;30458.75;30462;234
20260601 231500;30461.5;30462;30453.75;30454.25;433
20260601 231600;30454.75;30459.25;30450.25;30458.75;463
20260601 231700;30458.75;30462.25;30456.5;30458.5;424
20260601 231800;30458.5;30460;30456.25;30460;166
20260601 231900;30460.25;30466;30459.5;30462.5;381
20260601 232000;30462.5;30462.75;30460;30462.75;215
20260601 232100;30461.75;30463.75;30460.5;30460.75;246
20260601 232200;30460.75;30463;30459.25;30461.25;227
20260601 232300;30461.25;30462.5;30459.25;30462.5;163
20260601 232400;30462.75;30464.25;30460.75;30463.75;324
20260601 232500;30464.25;30464.75;30461;30464.5;282
20260601 232600;30463.25;30463.75;30454.75;30455.5;587
20260601 232700;30456;30461;30455.25;30459.5;411
20260601 232800;30459.5;30461.5;30458.75;30461.5;154
20260601 232900;30461.5;30464.25;30460.5;30461.75;256
20260601 233000;30461.25;30461.25;30456.5;30457.25;297
20260601 233100;30457.5;30459.5;30447.25;30447.5;978
20260601 233200;30448.25;30452;30444;30448.75;859
20260601 233300;30448.75;30457;30447.25;30455;557
20260601 233400;30455.75;30462.5;30455.75;30461;618
20260601 233500;30461.5;30464.5;30459.5;30462.25;475
20260601 233600;30462.75;30464.25;30457;30457;413
20260601 233700;30457.25;30459;30454.25;30459;298
20260601 233800;30459;30461.25;30454.5;30455.25;369
20260601 233900;30454.75;30463.5;30454.5;30461.5;355
20260601 234000;30461.5;30481.25;30460;30467.25;2364
20260601 234100;30467.25;30473;30463;30467.5;1119
20260601 234200;30467;30473.75;30459.25;30462.75;1070
20260601 234300;30461.75;30465.25;30460;30460;587
20260601 234400;30460.25;30466.5;30454.25;30457.5;884
20260601 234500;30457.5;30459.75;30456;30459.5;229
20260601 234600;30459;30464.75;30453.25;30455;607
20260601 234700;30455.5;30461.25;30455.25;30459.25;377
20260601 234800;30458.5;30458.5;30446.5;30447.75;913
20260601 234900;30448.75;30453.5;30448;30449.25;514
20260601 235000;30448.75;30450.5;30440.75;30449.25;876
20260601 235100;30449.75;30453;30447.75;30449.75;402
20260601 235200;30450.75;30452.5;30448;30448;272
20260601 235300;30448.75;30453.5;30448.25;30453.25;318
20260601 235400;30452.5;30454.75;30450.5;30454;258
20260601 235500;30454.25;30461;30454.25;30460.25;650
20260601 235600;30459.5;30460.25;30455.75;30458.25;284
20260601 235700;30458.25;30460.25;30457.25;30459.75;220
20260601 235800;30458.5;30463;30458.5;30461;434
20260601 235900;30460.75;30466;30459.75;30463.75;499
20260602 000000;30464.5;30470.5;30464.5;30469.25;712
20260602 000100;30469.5;30470.25;30455.5;30462.5;1516
20260602 000200;30463.5;30465.25;30458.75;30461.75;386
20260602 000300;30461.5;30463;30453.75;30457;625
20260602 000400;30457;30458.75;30452.75;30455.75;461
20260602 000500;30455.75;30462.25;30455.5;30456.25;431
20260602 000600;30457.25;30462;30441.5;30453;1756
20260602 000700;30453;30464.5;30448.25;30453.75;1182
20260602 000800;30452.75;30456.5;30445;30451;1067
20260602 000900;30450.75;30450.75;30438.25;30442;1020
20260602 001000;30441.75;30441.75;30417.75;30423;3730
20260602 001100;30423.5;30431.75;30415.75;30418.5;2182
20260602 001200;30417.5;30431;30416.5;30417.5;1206
20260602 001300;30417;30425.75;30406.75;30409.25;1466
20260602 001400;30410;30419.75;30408;30411.25;1343
20260602 001500;30410.25;30415;30406.5;30414;999
20260602 001600;30413.5;30436;30405.5;30416.25;3239
20260602 001700;30416.25;30416.25;30405.75;30409.75;1045
20260602 001800;30409.5;30411.25;30403;30405;1060
20260602 001900;30405.25;30407.5;30389;30395.75;2612
20260602 002000;30396.25;30406.5;30393.75;30399.5;1618
20260602 002100;30400;30400;30391;30396.75;1071
20260602 002200;30397.75;30409.5;30396.75;30402.75;1144
20260602 002300;30403.25;30408;30402;30404.5;550
20260602 002400;30403.75;30407;30395.25;30396.75;785
20260602 002500;30396.25;30398.75;30385.5;30391.25;1407
20260602 002600;30391;30391.75;30377.5;30382.5;2201
20260602 002700;30383.25;30392.5;30381;30390.75;1070
20260602 002800;30390.75;30394.75;30382.25;30391.75;891
20260602 002900;30392;30395;30388.5;30394.25;524
20260602 003000;30394.25;30404.25;30391.25;30402.5;899
20260602 003100;30402.25;30411.75;30401;30410.5;1815
20260602 003200;30410.5;30414.5;30407.5;30413;1116
20260602 003300;30414;30419.75;30411;30416.75;1212
20260602 003400;30416.5;30417;30406.5;30409.5;736
20260602 003500;30409.5;30417.75;30408.5;30412.25;748
20260602 003600;30412.25;30418;30401.25;30416.75;1144
20260602 003700;30417;30422.75;30416;30418.25;913
20260602 003800;30418.5;30419.5;30412.25;30412.75;465
20260602 003900;30413;30413.25;30404.75;30412.25;873
20260602 004000;30412;30413.5;30392;30399.75;1484
20260602 004100;30399.25;30402.5;30394.25;30399.75;804
20260602 004200;30399.75;30402.25;30395.5;30397.25;431
20260602 004300;30397.25;30397.25;30379.75;30382;1661
20260602 004400;30383.75;30390;30380;30384;785
20260602 004500;30384;30397.75;30383.5;30396.5;815
20260602 004600;30396.5;30396.75;30385.5;30392;688
20260602 004700;30391.25;30397.25;30389;30390.5;548
20260602 004800;30390.5;30393.25;30382;30387;726
20260602 004900;30386.5;30388.75;30383.75;30388.75;517
20260602 005000;30388.25;30389.75;30383;30388.5;472
20260602 005100;30388;30389.25;30382;30385.25;378
20260602 005200;30385.5;30390.5;30385;30385;371
20260602 005300;30385;30385.25;30378.25;30383.5;754
20260602 005400;30383.75;30385.25;30375;30385.25;923
20260602 005500;30385;30386.5;30377;30378.25;591
20260602 005600;30378.5;30378.5;30369.25;30373;1441
20260602 005700;30373.5;30382.5;30370;30378.5;1008
20260602 005800;30378.25;30379.25;30369.5;30372.75;635
20260602 005900;30373;30377.5;30369;30372;799
20260602 010000;30372.25;30374;30363;30373;1667
20260602 010100;30372.75;30382.5;30370.75;30379;1699
20260602 010200;30379.5;30384.25;30360.75;30364.5;1882
20260602 010300;30364;30369.5;30357;30361;1339
20260602 010400;30361.5;30372.75;30361;30365.5;883
20260602 010500;30366.25;30373.5;30364.5;30368.5;554
20260602 010600;30368;30379.75;30367.5;30373;1085
20260602 010700;30372.5;30378.5;30371.25;30375.75;670
20260602 010800;30376.25;30381.5;30372;30378.75;671
20260602 010900;30379;30383.25;30375.5;30378.5;546
20260602 011000;30378.25;30378.25;30364;30367.25;854
20260602 011100;30367.5;30377.25;30366;30375.5;583
20260602 011200;30375.75;30379.75;30370.75;30379;429
20260602 011300;30379.5;30394.75;30379;30391.75;2055
20260602 011400;30392;30396.5;30388.5;30396;823
20260602 011500;30396.25;30402;30391.75;30397;1182
20260602 011600;30397;30398.75;30388.5;30391.25;907
20260602 011700;30390.75;30396.25;30384.5;30395.25;682
20260602 011800;30394.25;30397.25;30389;30389;368
20260602 011900;30389.25;30392;30387;30390.5;423
20260602 012000;30390.25;30393.75;30387.75;30391.75;327
20260602 012100;30392;30396;30388.75;30395.75;442
20260602 012200;30396.25;30396.5;30386.5;30391.25;469
20260602 012300;30391.5;30395.5;30386.5;30387;302
20260602 012400;30387;30388.5;30373.25;30379.25;1563
20260602 012500;30379.5;30384.5;30375;30382.5;656
20260602 012600;30382.5;30385.25;30370.25;30374.25;887
20260602 012700;30374;30374.25;30366;30369.5;841
20260602 012800;30369.25;30373.5;30368;30369.5;430
20260602 012900;30369.5;30373.75;30366;30371.5;416
20260602 013000;30372.5;30378;30344.5;30376.25;2429
20260602 013100;30376.25;30386.75;30372;30375.75;1763
20260602 013200;30375.25;30385.75;30374.75;30382.25;807
20260602 013300;30382;30384;30376;30380;454
20260602 013400;30380;30384.75;30379;30382.25;431
20260602 013500;30382.75;30388.5;30380.5;30386.25;506
20260602 013600;30386;30388.25;30380.25;30382.5;573
20260602 013700;30381.5;30390.5;30377.75;30384.25;726
20260602 013800;30384.25;30386;30371.75;30376;773
20260602 013900;30376.25;30376.75;30363.75;30364.75;1053
20260602 014000;30365.25;30369.25;30360.25;30365.25;786
20260602 014100;30364.75;30365;30355.25;30358.25;1147
20260602 014200;30358.25;30369.75;30357.5;30362;887
20260602 014300;30361.5;30364.25;30357.5;30363.5;429
20260602 014400;30364.25;30389;30360.25;30378.5;2212
20260602 014500;30378.25;30379.25;30367.25;30369.75;793
20260602 014600;30369.25;30369.75;30360;30363.5;758
20260602 014700;30363.5;30366.75;30356.25;30359;642
20260602 014800;30359.25;30360;30349;30354;1530
20260602 014900;30354.25;30355.25;30346;30346.5;1195
20260602 015000;30347.25;30352.5;30345.25;30347.25;688
20260602 015100;30347.25;30353.75;30345;30350.5;807
20260602 015200;30349.75;30353;30347.75;30349.25;329
20260602 015300;30349.25;30349.25;30341.25;30345;760
20260602 015400;30345;30351.75;30338;30349.5;1354
20260602 015500;30349.25;30352.5;30343.25;30348.5;715
20260602 015600;30348.25;30353.5;30345.75;30349.25;701
20260602 015700;30349.5;30354.25;30349;30349;525
20260602 015800;30348.75;30349.25;30337.75;30341.5;811
20260602 015900;30341.25;30344.75;30336;30339.75;856
20260602 020000;30339;30341.75;30332.75;30333.5;823
20260602 020100;30333.5;30345.5;30332.75;30343.5;1249
20260602 020200;30344;30348;30336.75;30337.5;717
20260602 020300;30337;30339.25;30331.75;30338.75;853
20260602 020400;30338.75;30342.75;30331.5;30332.5;644
20260602 020500;30332.75;30333.75;30327.5;30332.5;1146
20260602 020600;30333;30340.75;30331;30338.5;876
20260602 020700;30338.75;30339.5;30326.25;30328.5;989
20260602 020800;30328.25;30331.5;30323.5;30327.75;900
20260602 020900;30327.5;30330.25;30323.5;30328.25;608
20260602 021000;30328.75;30330;30323;30323.75;396
20260602 021100;30324;30336;30321;30333;1163
20260602 021200;30332.5;30337.5;30332;30336;581
20260602 021300;30335.5;30345;30335.5;30342.25;1032
20260602 021400;30342;30343;30335.5;30337.75;549
20260602 021500;30338;30340.75;30333;30338.25;472
20260602 021600;30338;30341.5;30331;30332.75;645
20260602 021700;30332.75;30344.75;30331.75;30343.5;669
20260602 021800;30344.25;30353.25;30341.75;30350;1272
20260602 021900;30349.5;30354.75;30349.5;30350.5;715
20260602 022000;30350.5;30359.75;30349.75;30358.25;960
20260602 022100;30358.75;30367;30356.5;30366;803
20260602 022200;30366.25;30368.5;30360;30361.25;933
20260602 022300;30361.25;30365.5;30360.75;30361.5;377
20260602 022400;30360.5;30361.75;30348.75;30356.5;1232
20260602 022500;30355.5;30361.25;30353.5;30355.25;590
20260602 022600;30355.75;30358.5;30347.5;30348.25;515
20260602 022700;30348;30352.25;30347;30350;411
20260602 022800;30350.5;30354;30344;30351.75;521
20260602 022900;30351.25;30361.5;30350.75;30358.25;679
20260602 023000;30358.5;30358.5;30351.5;30356.75;301
20260602 023100;30356.5;30368.5;30356;30368.25;938
20260602 023200;30367.5;30372.5;30365.25;30367.5;860
20260602 023300;30367.75;30370.5;30364.75;30367.75;360
20260602 023400;30367.75;30369.25;30360.25;30369;524
20260602 023500;30368.75;30371.75;30367;30370.25;459
20260602 023600;30369.75;30372.25;30367;30372;394
20260602 023700;30371.75;30376.25;30370;30373;631
20260602 023800;30372.5;30382.25;30372;30377.5;803
20260602 023900;30378;30380.75;30374.75;30376;467
20260602 024000;30376.75;30379.75;30375.5;30379.5;393
20260602 024100;30379;30385;30378.25;30382.5;908
20260602 024200;30381;30381.25;30368.25;30369.5;806
20260602 024300;30370.25;30375.25;30366.25;30366.75;623
20260602 024400;30366.75;30373.5;30366.25;30373.25;383
20260602 024500;30372.75;30375.75;30367.25;30375;505
20260602 024600;30375.5;30378.5;30370.25;30377.25;413
20260602 024700;30377.25;30377.5;30369.25;30371.75;428
20260602 024800;30371.75;30373.75;30368.5;30371;410
20260602 024900;30371.5;30372.25;30364.5;30370.75;458
20260602 025000;30371;30371.5;30362;30368.25;642
20260602 025100;30368.5;30375;30367;30371.75;441
20260602 025200;30371.75;30375.75;30369.75;30370;310
20260602 025300;30370.75;30371.5;30368.75;30369.75;210
20260602 025400;30369.5;30369.5;30365;30368.5;355
20260602 025500;30368;30369;30364.5;30365.75;244
20260602 025600;30365.75;30373.75;30365.5;30373.75;357
20260602 025700;30374;30378.5;30374;30376.5;466
20260602 025800;30376.25;30380.75;30374.5;30379;593
20260602 025900;30379;30381.5;30377;30377.5;441
20260602 030000;30378;30378.5;30372.25;30373.5;322
20260602 030100;30373.25;30383.5;30372;30382.25;845
20260602 030200;30382;30382.75;30375.25;30378.5;515
20260602 030300;30377.75;30381;30370.75;30371.25;556
20260602 030400;30371.5;30373.5;30364;30367.25;737
20260602 030500;30367.5;30371.5;30366.25;30366.25;277
20260602 030600;30366;30372.25;30365;30369.5;428
20260602 030700;30369.75;30370;30365;30368.5;341
20260602 030800;30368.5;30371.5;30363.75;30365.5;264
20260602 030900;30365.75;30368.25;30360.75;30362.75;496
20260602 031000;30362.25;30363.25;30349.25;30353;1657
20260602 031100;30353;30355.5;30347.25;30347.25;738
20260602 031200;30347.75;30348;30340.75;30346.5;789
20260602 031300;30346.75;30349.25;30338;30342;647
20260602 031400;30342;30347.75;30341;30347.75;431
20260602 031500;30347.5;30351.75;30343.5;30346;630
20260602 031600;30345.75;30349.75;30343.5;30345.25;361
20260602 031700;30345.5;30348.25;30342.25;30347.5;316
20260602 031800;30347;30355.5;30346;30353.75;601
20260602 031900;30353.75;30353.75;30335;30338.75;1045
20260602 032000;30338.25;30338.5;30326.25;30329.5;1090
20260602 032100;30329.25;30331;30317.75;30324.75;1414
20260602 032200;30324.75;30334.5;30322;30331.75;1053
20260602 032300;30332;30333.25;30329.25;30332.5;410
20260602 032400;30332.25;30334;30324.5;30331.25;488
20260602 032500;30330.25;30332.5;30324.75;30331.25;459
20260602 032600;30331;30341.25;30331;30335.75;822
20260602 032700;30336.5;30340.25;30331.25;30334.5;537
20260602 032800;30334.25;30334.25;30322;30326.5;731
20260602 032900;30326;30330;30321.25;30325.75;771
20260602 033000;30325.5;30331.5;30319.5;30325;518
20260602 033100;30325.25;30325.5;30318.5;30319.25;578
20260602 033200;30319.75;30330.5;30318;30330;701
20260602 033300;30329.25;30335.75;30328.5;30332;730
20260602 033400;30331.25;30337.5;30331;30336.5;586
20260602 033500;30336.5;30336.5;30319.75;30321.5;686
20260602 033600;30321.25;30336.75;30320.25;30336.25;580
20260602 033700;30336;30341.5;30332.75;30339;947
20260602 033800;30338.75;30348.5;30334.75;30337.25;1036
20260602 033900;30338;30341.5;30332.5;30337.5;406
20260602 034000;30338;30341.5;30336;30340.25;341
20260602 034100;30341.25;30344.25;30335;30336;449
20260602 034200;30336.25;30341.25;30326;30329.25;706
20260602 034300;30329.75;30337.75;30326.75;30337.25;447
20260602 034400;30337.5;30344.5;30337.5;30342.25;455
20260602 034500;30342.25;30346.5;30341.5;30344.25;461
20260602 034600;30343.5;30354.5;30342.25;30351.5;961
20260602 034700;30351.75;30351.75;30345.25;30348.75;382
20260602 034800;30348.5;30355.5;30347.5;30354;489
20260602 034900;30354.75;30355.25;30347;30350;501
20260602 035000;30350.25;30359.5;30349.75;30358.75;630
20260602 035100;30359.25;30360.5;30355.5;30359.25;447
20260602 035200;30360;30361.5;30356;30358.75;288
20260602 035300;30358.75;30363.75;30358.5;30361;376
20260602 035400;30360.25;30363;30356.75;30358;411
20260602 035500;30358;30360.25;30354.75;30359;383
20260602 035600;30359.5;30361.5;30354.5;30355.5;323
20260602 035700;30356.25;30357;30354;30356;349
20260602 035800;30356.5;30358.25;30354;30357.5;277
20260602 035900;30357.75;30360;30354;30359.25;302
20260602 040000;30359.75;30366;30359.75;30363.25;643
20260602 040100;30363.5;30367.5;30360.75;30363.75;678
20260602 040200;30364;30370;30358.5;30369;735
20260602 040300;30368.75;30369.5;30365;30367.5;439
20260602 040400;30367.5;30372;30366;30370;360
20260602 040500;30369.5;30372.5;30367.25;30369.25;364
20260602 040600;30369.5;30375.25;30369.25;30372.75;454
20260602 040700;30374;30389.25;30374;30388;1784
20260602 040800;30387.5;30387.5;30381.5;30386.25;797
20260602 040900;30385.75;30391.5;30383.25;30383.25;757
20260602 041000;30383.5;30387.75;30381.25;30386.75;514
20260602 041100;30387.25;30389;30381.75;30384.5;505
20260602 041200;30384.75;30387.25;30383.5;30384.5;283
20260602 041300;30385.25;30389;30383.5;30386.5;317
20260602 041400;30387;30387.25;30380;30381.75;451
20260602 041500;30381.5;30381.75;30374.25;30376;680
20260602 041600;30376;30382.5;30375;30379.25;452
20260602 041700;30378.5;30384.25;30377.5;30380.75;255
20260602 041800;30380.25;30381;30373.75;30376;282
20260602 041900;30375;30378.25;30374;30376.5;180
20260602 042000;30376;30377;30369.75;30373.25;536
20260602 042100;30373.25;30380;30373.25;30380;259
20260602 042200;30379.5;30385.75;30378.75;30384.75;384
20260602 042300;30384.5;30387.75;30381.75;30386.5;667
20260602 042400;30386;30392;30384.75;30389;467
20260602 042500;30389.5;30390;30385.25;30386.25;217
20260602 042600;30386.75;30390;30383;30388;327
20260602 042700;30388;30393.5;30386.75;30392.25;523
20260602 042800;30392;30396;30390.75;30396;464
20260602 042900;30395.75;30407.75;30395.25;30407.25;1598
20260602 043000;30407.25;30412.75;30400.5;30405;1196
20260602 043100;30405;30405.75;30399.5;30403.5;599
20260602 043200;30403.75;30407;30397;30399.5;465
20260602 043300;30400;30403.75;30397;30402.75;402
20260602 043400;30403.25;30405;30398.5;30400.25;279
20260602 043500;30400;30405;30400;30401.25;265
20260602 043600;30401.75;30403.25;30397;30397.5;250
20260602 043700;30397.75;30399;30395.25;30398.75;358
20260602 043800;30398.75;30399.25;30396.25;30397.5;169
20260602 043900;30397.5;30398;30393;30396.75;284
20260602 044000;30395.75;30406.75;30394.25;30406.25;441
20260602 044100;30406.25;30406.5;30401.75;30405.25;284
20260602 044200;30405;30409.75;30402.25;30407;447
20260602 044300;30406.25;30410;30404.75;30409.25;270
20260602 044400;30409.25;30410;30406.5;30407.75;291
20260602 044500;30407.25;30414.5;30407;30411;543
20260602 044600;30411;30417.75;30409;30416.25;663
20260602 044700;30416;30424;30414.5;30423.25;829
20260602 044800;30423;30430;30422.5;30427.25;818
20260602 044900;30427.5;30432.75;30426.75;30431;719
20260602 045000;30430.75;30431.25;30426.75;30427.25;368
20260602 045100;30427.75;30429.25;30424.75;30426.5;537
20260602 045200;30427;30432.5;30426.75;30430.5;369
20260602 045300;30431.25;30433.5;30430;30430.75;375
20260602 045400;30431;30438;30430.5;30434.25;674
20260602 045500;30433;30434.5;30430.75;30432.25;273
20260602 045600;30431.75;30437.5;30430;30435.75;521
20260602 045700;30435.25;30439;30434;30438;351
20260602 045800;30437.25;30439;30435;30436;242
20260602 045900;30435.75;30441;30432.5;30440.5;517
20260602 050000;30440.25;30444.75;30440.25;30443.75;603
20260602 050100;30443.25;30447.5;30440;30444;1139
20260602 050200;30444.5;30450;30442;30444;829
20260602 050300;30443.5;30443.5;30434.25;30437.5;748
20260602 050400;30438;30438.5;30430.5;30434;656
20260602 050500;30432.75;30435;30431.75;30434.5;260
20260602 050600;30435;30435.25;30430;30432.75;498
20260602 050700;30432;30439.25;30431.25;30438;492
20260602 050800;30437.5;30446.5;30437;30445.75;543
20260602 050900;30445;30448.5;30443.75;30448.25;441
20260602 051000;30447.75;30454.25;30447.75;30452.5;1017
20260602 051100;30452.25;30459.25;30448.25;30456.5;845
20260602 051200;30456.75;30464.25;30455.5;30462.25;1022
20260602 051300;30461.5;30465.75;30461.5;30463.5;558
20260602 051400;30463.5;30466.25;30462;30464.25;400
20260602 051500;30464.25;30468.75;30463.75;30467.5;644
20260602 051600;30468;30468.5;30462;30462;530
20260602 051700;30461.75;30462;30457;30460;605
20260602 051800;30460;30461;30456.5;30457;313
20260602 051900;30457.5;30466.5;30457;30464;569
20260602 052000;30463.5;30465;30460.25;30463.75;344
20260602 052100;30463.25;30468.5;30462;30468.25;436
20260602 052200;30468.5;30470;30466.75;30468.5;438
20260602 052300;30468.5;30469;30465.5;30466;179
20260602 052400;30466;30468.5;30463.25;30468.5;268
20260602 052500;30468.25;30469.75;30465.75;30469;294
20260602 052600;30469;30471;30460.75;30465.25;727
20260602 052700;30465.75;30471;30464.75;30470.75;308
20260602 052800;30470.5;30474.5;30469.75;30473;616
20260602 052900;30473;30473;30468.5;30471.25;316
20260602 053000;30472.25;30475.25;30469.75;30471.25;468
20260602 053100;30471.25;30481.5;30470.75;30478;1068
20260602 053200;30477.75;30481.5;30477.5;30479.75;348
20260602 053300;30480;30480.25;30475.75;30476.75;343
20260602 053400;30476.75;30482;30476.75;30478.25;423
20260602 053500;30478;30487.75;30475.5;30486.25;618
20260602 053600;30486.25;30489;30483.5;30487.25;652
20260602 053700;30487.25;30493.5;30487;30491;921
20260602 053800;30491.75;30491.75;30476;30477.75;1049
20260602 053900;30477.75;30482.75;30472.25;30479.75;836
20260602 054000;30479.5;30480;30471.75;30475;442
20260602 054100;30475.5;30477.25;30472.5;30476;386
20260602 054200;30476;30482.75;30473.5;30482.5;398
20260602 054300;30482.25;30482.75;30478.25;30481.25;367
20260602 054400;30481.5;30483.25;30476.75;30478.25;254
20260602 054500;30478;30482.5;30476;30482.5;243
20260602 054600;30482.5;30484.5;30476.75;30479;383
20260602 054700;30479;30481;30477.25;30479;214
20260602 054800;30479.25;30479.5;30468.5;30469.75;699
20260602 054900;30469.75;30474.25;30468.5;30469.75;640
20260602 055000;30469.75;30471.5;30466.5;30471;475
20260602 055100;30471.5;30473.5;30467.25;30468.75;407
20260602 055200;30469.25;30469.5;30463;30465.25;652
20260602 055300;30465.5;30472.5;30464.5;30468.75;427
20260602 055400;30469;30469.5;30459;30460.5;467
20260602 055500;30460.75;30465.5;30459.5;30463;369
20260602 055600;30463.75;30465.75;30458.5;30462.75;472
20260602 055700;30463.75;30469;30463.5;30464.75;346
20260602 055800;30465.5;30469.25;30462.5;30467.75;246
20260602 055900;30468.5;30476.75;30467;30476;648
20260602 060000;30476.5;30479;30475;30476.5;354
20260602 060100;30476.5;30481.25;30472.25;30480.75;784
20260602 060200;30480.25;30487.5;30476.5;30477;1109
20260602 060300;30476.25;30481.75;30474.75;30479.25;406
20260602 060400;30479.25;30482.5;30476.5;30480.5;387
20260602 060500;30479.75;30484;30477.75;30481.5;284
20260602 060600;30482;30493;30481.5;30490.25;994
20260602 060700;30490.5;30490.75;30481.5;30486;530
20260602 060800;30485.75;30488.25;30480.5;30484.25;518
20260602 060900;30484;30485;30479;30479.5;337
20260602 061000;30479.5;30483.5;30476;30478;468
20260602 061100;30478;30478.75;30468.75;30475.25;884
20260602 061200;30475.25;30480.75;30474.75;30479.75;508
20260602 061300;30479.5;30480.75;30470.5;30478.25;383
20260602 061400;30477.75;30483;30477.25;30482;301
20260602 061500;30481.25;30485;30480.25;30482.75;252
20260602 061600;30482.5;30486.75;30481.5;30484.75;444
20260602 061700;30483.75;30490.5;30483.5;30487.5;419
20260602 061800;30487;30496.5;30487;30491.25;831
20260602 061900;30491.5;30497.75;30487;30489.5;480
20260602 062000;30488.5;30492.5;30487.25;30490;304
20260602 062100;30490.5;30496;30490.25;30491.75;427
20260602 062200;30492.25;30500.75;30491;30498;859
20260602 062300;30498.75;30502.75;30497.75;30498.25;625
20260602 062400;30498.5;30500.25;30495.25;30500.25;507
20260602 062500;30500.25;30501.75;30493.75;30496.75;354
20260602 062600;30496.75;30496.75;30491;30491.5;457
20260602 062700;30492;30495.5;30490.5;30494.25;358
20260602 062800;30493.5;30497.25;30487.5;30488;456
20260602 062900;30488.25;30492;30485.5;30487.25;419
20260602 063000;30488;30488.25;30484;30487.5;411
20260602 063100;30487;30489.25;30482.75;30487.5;373
20260602 063200;30488.25;30489;30480.5;30484.25;589
20260602 063300;30484;30485.75;30466.5;30474.5;1269
20260602 063400;30476;30481;30474.25;30477.75;543
20260602 063500;30478.75;30486.75;30476.5;30486.25;401
20260602 063600;30486;30506.5;30481;30505.5;1625
20260602 063700;30505;30509.5;30497.25;30506;1570
20260602 063800;30505.75;30508.5;30501;30506;563
20260602 063900;30505.5;30507.75;30501;30503.5;498
20260602 064000;30503.75;30504.5;30498.25;30501;465
20260602 064100;30500.5;30503.25;30498.5;30501;299
20260602 064200;30502.5;30506.75;30501;30503.75;346
20260602 064300;30503.5;30504.5;30496;30496.5;376
20260602 064400;30497.25;30500;30496.75;30497.5;115
20260602 064500;30496.25;30500;30494.5;30496.25;267
20260602 064600;30496.75;30513.75;30493.75;30513.25;1058
20260602 064700;30513.25;30513.5;30505;30506.25;742
20260602 064800;30506;30510.5;30505.25;30505.75;279
20260602 064900;30505.5;30507;30502.5;30503.25;206
20260602 065000;30504.25;30510;30503.5;30509.75;287
20260602 065100;30509;30509.5;30504.75;30507;264
20260602 065200;30507.75;30508.75;30505.5;30508.5;172
20260602 065300;30507.75;30509.75;30506.5;30506.75;195
20260602 065400;30506.25;30507.25;30503;30504.5;419
20260602 065500;30504;30509.25;30503.5;30507.25;147
20260602 065600;30506.75;30511.5;30503.75;30508.5;446
20260602 065700;30508.75;30515.75;30508.75;30511.25;624
20260602 065800;30510.5;30515.25;30509.75;30514.5;262
20260602 065900;30515.5;30516.25;30507;30508.75;324
20260602 070000;30508.75;30516;30508.5;30514.5;277
20260602 070100;30514.5;30522;30510.25;30518.25;1318
20260602 070200;30517.75;30519.5;30513.75;30516.25;454
20260602 070300;30516.25;30518;30512.75;30514.5;345
20260602 070400;30514.5;30522;30509;30519.25;710
20260602 070500;30520;30528.25;30518.75;30525.25;983
20260602 070600;30525;30534.25;30525;30532;939
20260602 070700;30531.5;30537.75;30528;30535.5;978
20260602 070800;30534.75;30541.5;30533.5;30540.75;817
20260602 070900;30540.5;30542.25;30535;30539.75;784
20260602 071000;30540;30541.75;30532.25;30539.5;964
20260602 071100;30538.75;30544;30533.75;30537;725
20260602 071200;30536.5;30539;30533.75;30534.75;267
20260602 071300;30534.75;30538.75;30532.75;30536.75;488
20260602 071400;30536.75;30537.75;30533;30536.25;328
20260602 071500;30536.75;30538;30531;30535.75;418
20260602 071600;30535.5;30535.75;30532.5;30535.25;308
20260602 071700;30535.75;30537.5;30528.75;30535.75;656
20260602 071800;30535.5;30537;30532.5;30532.5;265
20260602 071900;30532.5;30536.5;30530.25;30535.5;309
20260602 072000;30535.75;30535.75;30531.75;30532.75;274
20260602 072100;30532.5;30541.25;30531.75;30538.5;501
20260602 072200;30538.5;30541.75;30537;30538.75;369
20260602 072300;30539.25;30545.75;30538;30543.5;722
20260602 072400;30543;30547.5;30538;30541.75;675
20260602 072500;30542.5;30546.75;30541.5;30542.25;366
20260602 072600;30543;30543.5;30535.5;30536.25;478
20260602 072700;30536.5;30543.75;30536.25;30543.5;386
20260602 072800;30542.75;30543.75;30537;30540;379
20260602 072900;30540;30540;30525;30528.25;885
20260602 073000;30528.5;30533.5;30526;30531.5;524
20260602 073100;30531;30535.25;30523.75;30524.25;720
20260602 073200;30524;30530.5;30522.25;30527.75;598
20260602 073300;30527.75;30531.75;30527.5;30530.5;333
20260602 073400;30530.5;30533.25;30524;30524;268
20260602 073500;30524.25;30527.75;30520.75;30526.25;514
20260602 073600;30526.5;30526.5;30520.75;30523;278
20260602 073700;30523.75;30532;30523;30531.5;358
20260602 073800;30532;30540;30531.5;30535.75;821
20260602 073900;30535.5;30535.5;30528.75;30530;308
20260602 074000;30529.25;30529.25;30523.5;30525;337
20260602 074100;30525;30530.75;30522;30529;378
20260602 074200;30528.25;30534.5;30527.5;30528.5;410
20260602 074300;30528.75;30530.75;30525.75;30527.25;193
20260602 074400;30527.5;30530;30524.75;30528.25;201
20260602 074500;30529;30530.75;30528.25;30529.75;205
20260602 074600;30529.5;30530.5;30513.25;30515.5;1017
20260602 074700;30515.75;30518.25;30510.5;30514.25;1030
20260602 074800;30515;30519.25;30513.25;30518.5;372
20260602 074900;30518.75;30519.5;30513.5;30516.25;288
20260602 075000;30516;30521.25;30513.75;30515.75;551
20260602 075100;30516;30519;30512;30518;298
20260602 075200;30518.25;30518.5;30511.5;30514;320
20260602 075300;30514.5;30516.5;30512.5;30514.75;284
20260602 075400;30514.25;30527.25;30514.25;30527;586
20260602 075500;30527;30532.75;30521.75;30527.5;810
20260602 075600;30527.75;30530.25;30521.75;30529.5;517
20260602 075700;30529;30529.25;30524.25;30527.25;246
20260602 075800;30527;30531;30522.5;30528.25;456
20260602 075900;30527.75;30528.5;30523.5;30523.5;221
20260602 080000;30523.75;30530.5;30520.75;30529.5;383
20260602 080100;30529.75;30543.25;30529.75;30540;1658
20260602 080200;30539.75;30552;30537.5;30549;1421
20260602 080300;30549.75;30562.5;30548.25;30552.5;1737
20260602 080400;30552.5;30567;30551.75;30566.75;1246
20260602 080500;30565.75;30568;30562;30565.25;721
20260602 080600;30565.5;30566;30548.25;30561.25;1419
20260602 080700;30561.75;30565;30551;30551.75;764
20260602 080800;30551.25;30557;30548.75;30554.5;490
20260602 080900;30554;30557.75;30551.75;30557.75;517
20260602 081000;30558;30560.75;30555.5;30559.25;476
20260602 081100;30558.25;30558.25;30548;30550;456
20260602 081200;30550.5;30550.75;30542.75;30546.75;679
20260602 081300;30546.5;30560.25;30546;30559.25;544
20260602 081400;30558.5;30566.75;30557.5;30566.5;690
20260602 081500;30565.75;30570;30555.75;30556.25;881
20260602 081600;30555.75;30563.5;30553.75;30562.25;523
20260602 081700;30562.75;30565.5;30554.75;30556.25;439
20260602 081800;30556;30568;30554.5;30559;578
20260602 081900;30558.25;30562;30554.75;30557.75;395
20260602 082000;30557;30560.5;30550.25;30552;431
20260602 082100;30551.75;30555.75;30547.5;30549;335
20260602 082200;30549.25;30554.75;30547;30553;620
20260602 082300;30553;30558.5;30547.25;30547.5;445
20260602 082400;30548.25;30551;30532.75;30550;1985
20260602 082500;30549.5;30553.5;30542;30542.5;511
20260602 082600;30543.5;30545.75;30538.25;30540.25;545
20260602 082700;30539.75;30546;30536.75;30545.5;633
20260602 082800;30544.75;30552;30542.25;30546.75;541
20260602 082900;30547;30549.5;30543;30545.25;472
20260602 083000;30545.25;30550.5;30539.75;30546.25;818
20260602 083100;30546.5;30555.5;30543.5;30553.75;704
20260602 083200;30554.5;30561;30553.25;30557.75;520
20260602 083300;30558;30564;30557.75;30562.5;522
20260602 083400;30563.25;30565.5;30556;30561.25;578
20260602 083500;30561.5;30564.25;30554.25;30556.5;456
20260602 083600;30557;30559;30552.25;30558.5;361
20260602 083700;30558.75;30565.75;30557.25;30565.75;280
20260602 083800;30565;30565.25;30558.5;30562;311
20260602 083900;30562;30562.75;30553.5;30554;313
20260602 084000;30554.5;30559.25;30553.5;30559;290
20260602 084100;30558.25;30566.25;30553.25;30565.5;600
20260602 084200;30565.5;30565.5;30557.75;30560.5;385
20260602 084300;30560;30562.25;30556;30556.75;248
20260602 084400;30557;30559.25;30552.75;30553.75;261
20260602 084500;30552.5;30553.75;30547.25;30547.75;357
20260602 084600;30548.25;30559.75;30546.25;30559.75;548
20260602 084700;30559;30561.5;30556.75;30558.75;287
20260602 084800;30557.5;30558.25;30551;30552.5;275
20260602 084900;30552;30558.75;30551.75;30558.75;184
20260602 085000;30558.25;30563;30558;30559;286
20260602 085100;30559.75;30564.25;30556.75;30564.25;190
20260602 085200;30564.5;30564.5;30554.5;30555.25;233
20260602 085300;30555.25;30563.25;30554.5;30562;281
20260602 085400;30563;30563;30552.5;30552.5;172
20260602 085500;30552.25;30553.25;30544;30550;641
20260602 085600;30549.25;30551.25;30541.5;30545;360
20260602 085700;30544.5;30552;30544.25;30548;350
20260602 085800;30548;30548.25;30544.75;30546;176
20260602 085900;30546.75;30549.75;30540.75;30544.75;328
20260602 090000;30544.5;30552.75;30543.25;30549;333
20260602 090100;30548;30549.75;30538.25;30539.25;386
20260602 090200;30539;30539.25;30531.25;30531.25;625
20260602 090300;30531;30537;30530.25;30532.5;519
20260602 090400;30533;30533.75;30525.5;30531;680
20260602 090500;30531.25;30533;30525.5;30528;336
20260602 090600;30529;30534;30528;30531;398
20260602 090700;30532;30540;30532;30536.5;605
20260602 090800;30537.25;30542.75;30536;30542.75;316
20260602 090900;30542.5;30543.5;30535.75;30542;328
20260602 091000;30542;30547.75;30540;30547.75;361
20260602 091100;30546.75;30547;30542.25;30545.25;364
20260602 091200;30546;30549.25;30538.75;30541.5;402
20260602 091300;30541.5;30542.5;30536;30540;315
20260602 091400;30540.25;30542.25;30536.75;30536.75;140
20260602 091500;30537;30541.5;30535.75;30539.5;184
20260602 091600;30540;30548.25;30538.5;30547.75;316
20260602 091700;30547.75;30553;30546;30548.25;629
20260602 091800;30548.75;30548.75;30537.75;30539.25;554
20260602 091900;30538.5;30547.25;30538;30546;320
20260602 092000;30546.75;30551.75;30545.75;30548.25;292
20260602 092100;30549;30549.25;30539;30539.25;392
20260602 092200;30539.25;30541.75;30531;30532.25;571
20260602 092300;30531.75;30533.5;30527.75;30529.75;525
20260602 092400;30530.5;30539.5;30529;30539;274
20260602 092500;30539.5;30541;30536.5;30536.75;195
20260602 092600;30537.25;30539.5;30533;30538.75;431
20260602 092700;30538;30538.75;30533;30535.25;169
20260602 092800;30535.25;30537.75;30531;30536;240
20260602 092900;30536.25;30537;30526.75;30531.5;552
20260602 093000;30532.25;30536.25;30529.5;30535.25;314
20260602 093100;30536;30544;30536;30539.25;348
20260602 093200;30539.25;30543;30533.25;30535.75;450
20260602 093300;30534.75;30540.5;30534.25;30539.5;278
20260602 093400;30538;30547.25;30537.75;30545.75;302
20260602 093500;30545.75;30549.25;30542;30546;320
20260602 093600;30545.75;30547.75;30541.75;30543.75;216
20260602 093700;30544.25;30546.5;30541.5;30545.5;207
20260602 093800;30545.25;30546;30539.5;30540.5;154
20260602 093900;30541;30543.5;30537.75;30543;186
20260602 094000;30542.5;30549.5;30541;30549.25;274
20260602 094100;30549.75;30555.5;30537;30552.5;1369
20260602 094200;30551.25;30571.5;30551.25;30571.25;1239
20260602 094300;30570.25;30582.25;30568;30580;1788
20260602 094400;30579.75;30580.25;30572.5;30578.75;716
20260602 094500;30578.25;30581;30573.25;30577;470
20260602 094600;30577;30579.75;30573.75;30576.75;559
20260602 094700;30576.25;30578;30571.25;30571.25;444
20260602 094800;30572;30575.5;30567.5;30570.25;539
20260602 094900;30570.5;30581.75;30570;30580.75;477
20260602 095000;30581.5;30585.25;30576.75;30579.75;949
20260602 095100;30579.5;30587.75;30578.75;30582.25;801
20260602 095200;30581.5;30582.5;30575;30580.5;467
20260602 095300;30581;30583;30577;30579;334
20260602 095400;30578.5;30578.75;30574;30574;319
20260602 095500;30574;30574.75;30564.25;30567.5;967
20260602 095600;30567.75;30575.75;30567.75;30573.5;501
20260602 095700;30573.75;30574.75;30568.25;30570;297
20260602 095800;30570;30576.75;30569;30570;463
20260602 095900;30569.5;30572.75;30565.75;30569.5;260
20260602 100000;30569.25;30569.25;30565.25;30565.5;227
20260602 100100;30565.25;30566.5;30555;30557.5;1043
20260602 100200;30557;30560.75;30555;30558;429
20260602 100300;30557.5;30562.25;30555.5;30556.75;267
20260602 100400;30557.5;30558.75;30553.5;30558;352
20260602 100500;30557.75;30560;30553.25;30560;449
20260602 100600;30560;30564.25;30558.5;30558.5;372
20260602 100700;30559;30567.5;30557.5;30567.5;515
20260602 100800;30566.75;30567.5;30559.5;30563;363
20260602 100900;30562.5;30567;30561;30564;241
20260602 101000;30563.75;30566;30561.75;30563;178
20260602 101100;30562.5;30568.75;30560.5;30568.25;437
20260602 101200;30568.5;30572;30566.25;30571.25;494
20260602 101300;30570.5;30571.5;30564.5;30565.5;284
20260602 101400;30565;30566.75;30559.25;30561.5;393
20260602 101500;30561.25;30564.5;30559;30560;279
20260602 101600;30560;30563;30556;30561;479
20260602 101700;30561;30567.5;30556.75;30561.25;420
20260602 101800;30561;30566.75;30560.25;30564.25;394
20260602 101900;30563.5;30565.75;30560.5;30562.5;223
20260602 102000;30563;30564.75;30559.5;30564.25;284
20260602 102100;30564.25;30566.5;30559;30559;267
20260602 102200;30559.5;30561.5;30554.5;30556.25;340
20260602 102300;30557;30560.75;30551.5;30555.75;463
20260602 102400;30556;30563.5;30554.75;30561.5;337
20260602 102500;30561.75;30566.75;30559.5;30564.75;287
20260602 102600;30564.25;30566.25;30557.25;30561.5;341
20260602 102700;30561;30562.5;30549;30549.5;701
20260602 102800;30549;30553.25;30546.5;30552;506
20260602 102900;30551.75;30553;30547.5;30552.25;349
20260602 103000;30552.25;30556.75;30552;30554.25;258
20260602 103100;30555;30558;30551.25;30552.5;296
20260602 103200;30552.75;30552.75;30549;30550.5;199
20260602 103300;30551;30555;30547.5;30548.75;368
20260602 103400;30548;30549.25;30542;30544;597
20260602 103500;30543.75;30544.5;30538.75;30539.25;372
20260602 103600;30540;30542.25;30536.25;30537.5;420
20260602 103700;30537.5;30541;30537;30538;305
20260602 103800;30538;30539.5;30534.75;30536.5;304
20260602 103900;30536.75;30538;30532;30533.75;639
20260602 104000;30534.75;30546;30533.75;30543.5;502
20260602 104100;30544;30544.5;30540.5;30542.5;393
20260602 104200;30542.25;30543;30537.5;30540.75;363
20260602 104300;30541.5;30542.75;30536.25;30541.25;233
20260602 104400;30541;30541.75;30534.25;30536.25;322
20260602 104500;30536;30538;30533.75;30536;240
20260602 104600;30535.5;30539.5;30534.75;30535.75;176
20260602 104700;30535.5;30537.5;30529.5;30532;555
20260602 104800;30532.25;30537;30528.5;30535.25;688
20260602 104900;30535.5;30538;30527.75;30531;449
20260602 105000;30530.5;30533.5;30529.25;30532.5;380
20260602 105100;30533;30540.25;30532.5;30539.75;405
20260602 105200;30539.75;30541.25;30536.5;30540.5;215
20260602 105300;30540.25;30542;30536.5;30540.75;237
20260602 105400;30540.25;30544.25;30537.25;30541.25;312
20260602 105500;30540.5;30544;30538.75;30541.5;232
20260602 105600;30540.75;30541.75;30537.75;30538.5;183
20260602 105700;30539;30542;30536.75;30538.25;161
20260602 105800;30538.25;30542;30533.75;30534.5;312
20260602 105900;30534.75;30537.25;30530.25;30530.25;369
20260602 110000;30530.75;30533.25;30528.75;30529.25;418
20260602 110100;30529.75;30532.75;30518.25;30527.75;1645
20260602 110200;30527.75;30530;30523.25;30524.75;489
20260602 110300;30524.75;30525;30514.75;30524.25;1095
20260602 110400;30524.25;30524.5;30515.5;30520.75;472
20260602 110500;30520.75;30523;30502.5;30507.75;1329
20260602 110600;30507.25;30514.75;30506.75;30514;638
20260602 110700;30514.75;30521.5;30514;30519.25;548
20260602 110800;30519;30525.75;30515.75;30525.5;558
20260602 110900;30525;30526.75;30518;30519.5;528
20260602 111000;30519.5;30535.75;30519.5;30535.75;743
20260602 111100;30535.75;30539.25;30530.5;30537;822
20260602 111200;30537.25;30538.5;30534.25;30537;389
20260602 111300;30537;30548.75;30534.25;30543.75;1082
20260602 111400;30543.75;30544.5;30537;30540.25;426
20260602 111500;30540.75;30545.25;30535.25;30544;713
20260602 111600;30543.5;30546.25;30538.75;30539.5;563
20260602 111700;30540;30547.75;30539.5;30541.75;506
20260602 111800;30540.75;30548.25;30535.5;30540.5;806
20260602 111900;30540.5;30548;30539.5;30543.75;467
20260602 112000;30543.75;30546.75;30539;30541;356
20260602 112100;30541;30541.25;30535;30535.75;383
20260602 112200;30536;30539.5;30531.25;30533.25;519
20260602 112300;30533.75;30535.5;30528.75;30533.5;649
20260602 112400;30532.75;30535;30528.75;30529.5;374
20260602 112500;30529.5;30533;30525.25;30528.75;793
20260602 112600;30528.25;30534.5;30526;30532.75;506
20260602 112700;30533;30539.5;30532.25;30537.25;552
20260602 112800;30537.5;30542.5;30533.5;30542.25;492
20260602 112900;30541.25;30546.25;30540;30541.75;611
20260602 113000;30542.5;30550.5;30541;30548;658
20260602 113100;30549;30563.75;30547.25;30562.75;1431
20260602 113200;30562.75;30564.5;30558;30562.25;966
20260602 113300;30562.25;30562.25;30557;30561;604
20260602 113400;30560.75;30571.75;30558.75;30568.75;1412
20260602 113500;30569.25;30574.25;30562.5;30566.75;1840
20260602 113600;30566.25;30567;30559;30562;793
20260602 113700;30561.25;30566;30560.5;30561.75;393
20260602 113800;30560.75;30567.75;30558.25;30567.75;459
20260602 113900;30567.75;30569.75;30564;30565.25;488
20260602 114000;30565.5;30568.75;30564;30565.5;216
20260602 114100;30565.25;30566.75;30560.5;30560.75;401
20260602 114200;30560;30561.5;30552.75;30554;660
20260602 114300;30554.25;30558.25;30550.75;30557.75;558
20260602 114400;30557.75;30561;30557;30558.75;379
20260602 114500;30558.5;30559.25;30548.75;30551.25;613
20260602 114600;30551.75;30554.25;30547.75;30547.75;443
20260602 114700;30547.5;30548.75;30543;30546;924
20260602 114800;30546.25;30549;30542.5;30543.25;514
20260602 114900;30543.25;30547.75;30541.25;30542.75;362
20260602 115000;30542.5;30548;30542;30547.25;323
20260602 115100;30547;30549.75;30542.5;30549.25;476
20260602 115200;30550;30550;30545.25;30548.5;275
20260602 115300;30547.75;30554.75;30547.5;30553.25;645
20260602 115400;30553.25;30553.5;30548;30549.25;360
20260602 115500;30549.5;30554;30548;30549;422
20260602 115600;30548.75;30550.5;30543.25;30544.75;470
20260602 115700;30544.25;30548;30533.5;30537;841
20260602 115800;30536.5;30538;30530.75;30533.5;758
20260602 115900;30533.5;30538.75;30532;30535.75;521
20260602 120000;30535.75;30536;30529.75;30531.25;477
20260602 120100;30531.25;30538.5;30530;30532.75;916
20260602 120200;30532.75;30534.5;30528.25;30532.75;554
20260602 120300;30533;30537;30531.25;30531.5;398
20260602 120400;30531;30538.5;30530;30538.5;352
20260602 120500;30538.25;30541;30535.75;30540;362
20260602 120600;30539.75;30543.25;30533.75;30534.75;739
20260602 120700;30533.75;30539;30526.75;30533.5;1145
20260602 120800;30534.5;30535.5;30529;30533.75;330
20260602 120900;30533;30541.25;30532.25;30541;466
20260602 121000;30541.25;30542.75;30535.25;30541.5;562
20260602 121100;30541.25;30545.75;30538.75;30539.25;676
20260602 121200;30539;30541.5;30529.5;30532.25;659
20260602 121300;30532.5;30536;30530;30533.75;514
20260602 121400;30533.5;30538.25;30530.75;30537;278
20260602 121500;30536.5;30536.5;30528.5;30530.5;511
20260602 121600;30530.5;30534;30527;30534;614
20260602 121700;30533.25;30538;30532.25;30538;535
20260602 121800;30538.25;30538.75;30519.25;30527.25;1469
20260602 121900;30527.5;30531.25;30524.5;30525;756
20260602 122000;30524.75;30530;30523;30526.75;750
20260602 122100;30526.75;30535;30524;30533.75;692
20260602 122200;30533.75;30552;30533.25;30546.75;2611
20260602 122300;30545.5;30549.25;30544;30545.75;816
20260602 122400;30546.5;30554.5;30544.5;30547.5;850
20260602 122500;30547.75;30557;30547.5;30556.5;917
20260602 122600;30556.5;30560;30552;30552.75;838
20260602 122700;30553.25;30555;30548.5;30552.5;530
20260602 122800;30552.25;30554;30549.25;30551;414
20260602 122900;30549.75;30549.75;30543.25;30549.75;695
20260602 123000;30549.5;30555;30547.5;30548.75;690
20260602 123100;30548.75;30551.5;30526;30534;2511
20260602 123200;30535;30538;30532;30537.25;689
20260602 123300;30537;30538.75;30531;30533;495
20260602 123400;30533.75;30535.5;30527.5;30529.25;585
20260602 123500;30528.75;30537.75;30527.75;30534;508
20260602 123600;30533.5;30539.75;30531.75;30539.75;431
20260602 123700;30539.75;30543.25;30532.75;30541.75;918
20260602 123800;30540.75;30543;30532.5;30535.75;705
20260602 123900;30534.75;30539.25;30534;30534;419
20260602 124000;30534.5;30543;30534.5;30541.75;366
20260602 124100;30542.25;30554.75;30542.25;30551.75;1240
20260602 124200;30552.25;30559.5;30551.5;30556.25;988
20260602 124300;30556;30560.5;30549.25;30557.25;1196
20260602 124400;30557.75;30557.75;30552;30553.25;531
20260602 124500;30552.75;30556.25;30550.75;30555;557
20260602 124600;30555;30556;30548.25;30550;672
20260602 124700;30550.25;30553.5;30550;30551.25;460
20260602 124800;30552;30553;30546.5;30547.5;639
20260602 124900;30547.75;30549;30541.5;30544.5;721
20260602 125000;30545;30551.25;30545;30548.25;468
20260602 125100;30547.75;30554.75;30546;30553.25;604
20260602 125200;30553;30553;30547;30547.5;455
20260602 125300;30547.5;30548.5;30538;30538.5;896
20260602 125400;30539;30543.25;30536.5;30542.25;782
20260602 125500;30542.5;30543.25;30530.75;30535.25;1059
20260602 125600;30534.75;30536.75;30530.25;30536.75;692
20260602 125700;30536.5;30538.25;30530.5;30535.25;566
20260602 125800;30535;30537.75;30534.25;30537.75;392
20260602 125900;30537.75;30539.75;30529.25;30533;826
20260602 130000;30533.5;30535.25;30526.25;30529.5;816
20260602 130100;30529.5;30533.75;30522.25;30525.75;1727
20260602 130200;30525.5;30530.5;30520;30527.5;1551
20260602 130300;30527;30536.5;30525.25;30531.5;1115
20260602 130400;30530.75;30531;30523;30524.75;957
20260602 130500;30524;30530.5;30521;30527.5;775
20260602 130600;30527;30533.25;30525.5;30531.5;753
20260602 130700;30531.25;30533.5;30522.5;30523;858
20260602 130800;30522.75;30523.75;30511;30515.75;2220
20260602 130900;30515.75;30516.25;30481;30492.75;6968
20260602 131000;30493;30501.5;30486.25;30492.75;3255
20260602 131100;30493.25;30499.5;30487;30497;2141
20260602 131200;30497.25;30505.25;30492;30503;1729
20260602 131300;30503.5;30508.25;30488.25;30493;2202
20260602 131400;30492.5;30500.5;30488;30496.5;1930
20260602 131500;30496.75;30501;30491.75;30492.75;1004
20260602 131600;30492.75;30499;30489;30490.75;1151
20260602 131700;30490.75;30504;30490.25;30504;1189
20260602 131800;30504;30511.5;30503.5;30508.25;1516
20260602 131900;30508.75;30511;30504.75;30509;1046
20260602 132000;30509.5;30518;30507.5;30511.5;1782
20260602 132100;30511;30521.5;30510.25;30520.5;1156
20260602 132200;30520;30526;30518.75;30520.25;1684
20260602 132300;30520.75;30543;30517.25;30536;3575
20260602 132400;30536;30538;30530;30532.75;1441
20260602 132500;30532;30545.25;30532;30543.75;1904
20260602 132600;30544.5;30553.25;30541;30547.75;3064
20260602 132700;30547.5;30548.25;30536;30540;2336
20260602 132800;30539.75;30550.75;30539;30546.25;2328
20260602 132900;30546.25;30558.75;30544.75;30545.5;3315
20260602 133000;30546.25;30559.25;30539.5;30556.25;4234
20260602 133100;30556;30567.5;30497.5;30503.5;17018
20260602 133200;30503.5;30523;30487.75;30511.25;11407
20260602 133300;30511.75;30530;30483;30492.75;10002
20260602 133400;30492.25;30506;30477.75;30487;9250
20260602 133500;30487.25;30494.75;30466.75;30476.5;9305
20260602 133600;30476.75;30491;30453.75;30456.75;12195
20260602 133700;30457;30486.25;30454.25;30478.5;8515
20260602 133800;30479;30480.25;30454.5;30464;7597
20260602 133900;30464;30478;30451.25;30467.75;7741
20260602 134000;30467.25;30478.25;30460.25;30464.5;5363
20260602 134100;30464.75;30465.25;30435.25;30449.25;13537
20260602 134200;30449.5;30468.75;30423.75;30464.5;12457
20260602 134300;30465.5;30480;30452.5;30479.25;9489
20260602 134400;30479.5;30487.25;30470.75;30484.75;7603
20260602 134500;30484.75;30505.75;30472.5;30502.5;8758
20260602 134600;30503;30521.75;30497.75;30508.25;11145
20260602 134700;30507.75;30527.5;30495.75;30524.5;8475
20260602 134800;30524.5;30533.75;30514.75;30530;8407
20260602 134900;30529.25;30544.5;30528.75;30536.5;7677
20260602 135000;30537;30551;30528.25;30550.25;6274
20260602 135100;30549.75;30564.75;30540.25;30561.75;9850
20260602 135200;30561.5;30561.75;30545;30559.5;5960
20260602 135300;30558.75;30565.25;30551;30559;5613
20260602 135400;30558.75;30583.75;30558.25;30575.25;10995
20260602 135500;30575;30579.25;30553;30559;8140
20260602 135600;30559.25;30565.75;30537;30537;9128
20260602 135700;30537.5;30567;30534.5;30561.25;8725
20260602 135800;30561;30576.75;30548.25;30574;6425
20260602 135900;30574.5;30596.5;30563;30588.5;12045
20260602 140000;30588.75;30604;30582.75;30604;6891
20260602 140100;30602.75;30611;30526.75;30600.75;12585
20260602 140200;30600.25;30601;30583;30588.75;6277
20260602 140300;30589;30597;30570.5;30578.25;5862
20260602 140400;30578.5;30590;30570;30587.25;5453
20260602 140500;30587.25;30606.5;30581.25;30605;7123
20260602 140600;30605.25;30610;30593.5;30603.25;6117
20260602 140700;30602.75;30621.75;30598.25;30617.5;8813
20260602 140800;30617.5;30624.25;30603;30604.25;6174
20260602 140900;30604.25;30621.5;30603;30612.75;4848
20260602 141000;30613.25;30619.75;30608;30612;3553
20260602 141100;30611.75;30619.5;30605.5;30607.5;4407
20260602 141200;30607.75;30623.25;30596.5;30622.75;7025
20260602 141300;30622.5;30642;30620.25;30641.5;8859
20260602 141400;30641.75;30647.25;30639.25;30645.25;6391
20260602 141500;30645;30645.5;30628.5;30633.75;5671
20260602 141600;30634;30636.5;30625.25;30627.25;4112
20260602 141700;30627.5;30627.5;30610.25;30612;7676
20260602 141800;30612;30614.25;30602.25;30610;5859
20260602 141900;30610.5;30624.25;30608;30620;5839
20260602 142000;30620.75;30629.5;30618.75;30626;4660
20260602 142100;30626.25;30640;30621.75;30626.75;6640
20260602 142200;30626;30629;30604.75;30608.75;6958
20260602 142300;30608.5;30616.5;30592;30594.5;8453
20260602 142400;30595;30599;30581.75;30584.5;7997
20260602 142500;30584.5;30589.25;30572;30578;7890
20260602 142600;30578;30587.75;30565.25;30567.75;8126
20260602 142700;30568;30568.5;30550;30553.25;9234
20260602 142800;30553.25;30554.75;30540.5;30545.5;8149
20260602 142900;30545.5;30556;30537.25;30552.75;7156
20260602 143000;30553;30569.5;30549;30559.5;9027
20260602 143100;30560;30574;30554.75;30560.25;8487
20260602 143200;30560.5;30595.75;30559;30587.5;9605
20260602 143300;30588;30594.75;30576.5;30593.5;6137
20260602 143400;30593.75;30604.5;30585.25;30602.75;6683
20260602 143500;30603;30607;30591.25;30595.75;4744
20260602 143600;30594.75;30601;30586.25;30597;4821
20260602 143700;30597;30609.75;30586;30606.75;5680
20260602 143800;30607.25;30613.75;30593.25;30607;7016
20260602 143900;30606.5;30611;30594.75;30609.25;3788
20260602 144000;30609;30611.25;30597.25;30605.25;2979
20260602 144100;30605;30606;30575.75;30583.5;7091
20260602 144200;30583.75;30594.75;30577.5;30591.25;4007
20260602 144300;30590.75;30605.75;30588.25;30602.75;4606
20260602 144400;30602.25;30619;30597.25;30615.25;6212
20260602 144500;30616;30625;30615;30623.5;4840
20260602 144600;30623.5;30625;30616.75;30621.25;3750
20260602 144700;30621.75;30621.75;30610.5;30610.75;3720
20260602 144800;30611;30623.25;30601.25;30609;6388
20260602 144900;30608.25;30619.5;30602.75;30608.25;3913
20260602 145000;30609.5;30619.5;30602.25;30618;2949
20260602 145100;30618.25;30620.25;30609.5;30615;2662
20260602 145200;30614.5;30623.5;30611.5;30621.5;2650
20260602 145300;30622;30625.5;30614;30622.25;2737
20260602 145400;30622.5;30634.75;30618.75;30623;5903
20260602 145500;30622.75;30629.5;30616.75;30628.75;3106
20260602 145600;30628.5;30630.25;30622.75;30626.25;2156
20260602 145700;30626.75;30631.75;30621;30626.75;2612
20260602 145800;30626.5;30636.5;30624.25;30634.75;3158
20260602 145900;30634.5;30637.75;30626;30632.75;2974
20260602 150000;30633.25;30643.25;30631;30642.5;3524
20260602 150100;30642.75;30647;30629;30637.75;6536
20260602 150200;30638;30649.25;30637.25;30644;4020
20260602 150300;30644.25;30646.75;30635;30643.5;3050
20260602 150400;30643.25;30644.25;30617.5;30622;5859
20260602 150500;30622;30629.75;30620.75;30626.5;3373
20260602 150600;30626.75;30627.5;30613;30619.25;4743
20260602 150700;30619.25;30629.25;30612;30628.25;3766
20260602 150800;30628.75;30647.75;30626;30645.25;6133
20260602 150900;30645.25;30656;30641.25;30654.25;5431
20260602 151000;30654.75;30657.5;30651;30653.75;2877
20260602 151100;30654.25;30657.5;30648;30652.25;3852
20260602 151200;30652.5;30658.75;30649;30651.25;2886
20260602 151300;30651.5;30652.5;30639;30641;3856
20260602 151400;30641;30652;30640.75;30650;2795
20260602 151500;30650.5;30666.25;30650.25;30666.25;4570
20260602 151600;30666;30669.5;30662.25;30665.75;4531
20260602 151700;30666.25;30674;30664;30665.25;4804
20260602 151800;30665.5;30670;30661.25;30668;2797
20260602 151900;30668.25;30670;30660;30664.25;2411
20260602 152000;30664.25;30671;30662.5;30670.25;1878
20260602 152100;30670.5;30675;30661.75;30670.5;2755
20260602 152200;30670.5;30677;30670;30672;2592
20260602 152300;30671.75;30675.75;30670;30673.75;1633
20260602 152400;30673.5;30675.25;30663;30665.5;2454
20260602 152500;30665.25;30672;30661.25;30670;2701
20260602 152600;30670;30676.75;30662.5;30663.25;3745
20260602 152700;30663.5;30667;30656.5;30661;3321
20260602 152800;30660.75;30662.5;30656;30657.75;2277
20260602 152900;30657.25;30667.5;30652.25;30667;3337
20260602 153000;30666.75;30672;30660.25;30665.75;2630
20260602 153100;30666;30666.75;30654;30655.25;2958
20260602 153200;30655.5;30661.75;30649.5;30659.75;3119
20260602 153300;30659.75;30663;30650.75;30663;2386
20260602 153400;30663;30670.5;30660;30665;2840
20260602 153500;30664.75;30674;30661.25;30672.5;2657
20260602 153600;30672.5;30684;30668.75;30683.25;4314
20260602 153700;30683;30685.75;30676.5;30677.5;3039
20260602 153800;30678;30681.5;30674.25;30674.5;2073
20260602 153900;30674.75;30685;30674.75;30683.25;2062
20260602 154000;30683.25;30686;30673.5;30676.75;2326
20260602 154100;30676.75;30680;30670.25;30679.25;2525
20260602 154200;30678.75;30682.5;30674;30675.75;1563
20260602 154300;30676.25;30681.5;30674.25;30679.75;1390
20260602 154400;30679.5;30682.25;30671;30672.75;1642
20260602 154500;30672.5;30676.5;30664.25;30668;2892
20260602 154600;30668.25;30668.5;30657.5;30668;3121
20260602 154700;30667.75;30681;30665.75;30674.25;3133
20260602 154800;30674.25;30677.25;30670.25;30672;1462
20260602 154900;30671.75;30675.75;30664;30669.5;1978
20260602 155000;30670;30677.75;30666.25;30668;1824
20260602 155100;30668;30673.25;30660.25;30666.75;2294
20260602 155200;30666.75;30679.25;30666;30677.25;2020
20260602 155300;30677.25;30683.5;30673.25;30681.75;2199
20260602 155400;30682.25;30688.5;30682;30686.5;3037
20260602 155500;30686.75;30690;30679.5;30685.75;2730
20260602 155600;30686;30691;30682;30689.25;2245
20260602 155700;30689.25;30697;30687.75;30688.5;4963
20260602 155800;30688.25;30689.25;30680;30688.5;3429
20260602 155900;30688.25;30698;30687.75;30695.75;2475
20260602 160000;30695.75;30697;30689.25;30689.5;1772
20260602 160100;30689.5;30694.75;30683;30692.5;2949
20260602 160200;30692.75;30693.25;30681.25;30683.25;1864
20260602 160300;30683;30686.75;30674;30675.25;3340
20260602 160400;30675;30678.25;30671.5;30673.75;2262
20260602 160500;30673.25;30677.5;30668;30676;2647
20260602 160600;30676;30690.75;30676;30688.25;3409
20260602 160700;30688.5;30702.5;30687.75;30693.5;4731
20260602 160800;30693.5;30711.75;30689;30707;6398
20260602 160900;30707;30712.5;30703.75;30704.25;3284
20260602 161000;30704.75;30707.75;30697.5;30703.25;2934
20260602 161100;30703.25;30706;30696.75;30697.5;2021
20260602 161200;30697.25;30703.75;30696.5;30703.25;1469
20260602 161300;30703;30704.25;30693.75;30696.5;1837
20260602 161400;30696.75;30708.25;30696.25;30707.5;1788
20260602 161500;30707.25;30707.75;30699;30700;1963
20260602 161600;30700.25;30700.5;30689.25;30690.75;3239
20260602 161700;30689.75;30698.75;30688;30698;1926
20260602 161800;30698.5;30699;30687;30687.75;1864
20260602 161900;30687.5;30688.75;30668.25;30670.5;4794
20260602 162000;30670;30677;30670;30674;2654
20260602 162100;30674.25;30679.5;30664;30668.5;3264
20260602 162200;30669;30669.25;30651.5;30660.75;5690
20260602 162300;30660.75;30665.25;30657.25;30658.75;2514
20260602 162400;30658.75;30669.75;30653.75;30667.25;2931
20260602 162500;30667.25;30677.5;30665.5;30672;2958
20260602 162600;30671.75;30674;30657.75;30667;3396
20260602 162700;30666.75;30670;30656.75;30658.75;1857
20260602 162800;30658.75;30662;30654.75;30658.25;2123
20260602 162900;30658.5;30664.25;30657;30663.25;1295
20260602 163000;30663.25;30665;30658.25;30658.25;1444
20260602 163100;30658.75;30666.75;30654;30665.25;2743
20260602 163200;30665.5;30671;30661;30670.5;2551
20260602 163300;30670;30671.25;30664.5;30665.25;1428
20260602 163400;30666;30675.25;30662.25;30668.25;2625
20260602 163500;30668.25;30669.25;30654;30657.25;2750
20260602 163600;30657.5;30659.5;30644.5;30649.75;4636
20260602 163700;30650;30652;30642.75;30644.5;3193
20260602 163800;30645;30649.5;30640.75;30647.5;2479
20260602 163900;30647.5;30657;30643.75;30654.5;2846
20260602 164000;30654.75;30655.75;30642.25;30646.25;2064
20260602 164100;30646.25;30654.5;30645.75;30650.5;1770
20260602 164200;30651;30657.5;30648;30652.25;1860
20260602 164300;30652;30657.25;30648.5;30655;1738
20260602 164400;30654.75;30656.75;30651;30655.25;1018
20260602 164500;30655.25;30657.25;30646.75;30647.25;1971
20260602 164600;30647.5;30653.25;30642;30643.25;2384
20260602 164700;30643.25;30650.25;30642.25;30648;1484
20260602 164800;30648.25;30655.25;30646.25;30649.25;1667
20260602 164900;30649.5;30667.75;30647.25;30667.25;4162
20260602 165000;30667.25;30674.75;30665.25;30672.5;3142
20260602 165100;30672.75;30685.5;30672.5;30685;4585
20260602 165200;30685.5;30686;30680;30682.25;2492
20260602 165300;30682.5;30687.5;30676.75;30680;2251
20260602 165400;30680.5;30683.5;30673.25;30677.25;1956
20260602 165500;30677;30680.5;30675.75;30678.25;976
20260602 165600;30677.75;30682.75;30673;30677.5;1853
20260602 165700;30677.5;30685;30677.25;30684;1247
20260602 165800;30684;30689.75;30681.75;30688.5;2209
20260602 165900;30688.75;30695;30684.5;30690.75;3484
20260602 170000;30690.75;30694;30688;30691.5;2022
20260602 170100;30691.5;30694.25;30677.5;30690.5;4033
20260602 170200;30690.5;30696.25;30685.75;30692.75;2392
20260602 170300;30692.5;30698.25;30692;30696.5;2073
20260602 170400;30696.75;30703;30696.5;30698.5;2809
20260602 170500;30698.5;30701;30692.75;30699;2045
20260602 170600;30698.5;30702;30697.5;30699.5;1176
20260602 170700;30699.75;30701.25;30692;30693;1829
20260602 170800;30693.25;30699.75;30692;30693.75;1450
20260602 170900;30693.75;30701;30684.75;30693.25;4427
20260602 171000;30693.25;30693.75;30686.75;30691.75;1614
20260602 171100;30692.5;30692.5;30685.25;30689;1561
20260602 171200;30689.25;30691.5;30685.75;30690.25;1010
20260602 171300;30690.75;30697.25;30690.25;30692.25;1703
20260602 171400;30692.75;30696.5;30689.5;30694;1104
20260602 171500;30694;30699.25;30692;30695.5;1186
20260602 171600;30695.75;30696.25;30681.75;30683;2188
20260602 171700;30683;30684.25;30662;30665.75;5597
20260602 171800;30666;30670.25;30659;30659.75;2937
20260602 171900;30659.75;30665.25;30658;30659.5;2382
20260602 172000;30659;30659.75;30652.25;30653.25;2666
20260602 172100;30653.25;30662.25;30651;30662;2767
20260602 172200;30662.5;30663.5;30654.25;30655.5;2136
20260602 172300;30655.5;30665.75;30655;30660.75;2229
20260602 172400;30660.5;30661;30635.75;30642.5;4781
20260602 172500;30642;30650.5;30639.5;30645.75;2640
20260602 172600;30645.75;30646.5;30632.5;30636;3464
20260602 172700;30635.5;30642;30633;30636.75;2488
20260602 172800;30637;30643;30632;30635.75;2415
20260602 172900;30636;30643.5;30632.25;30642.25;1980
20260602 173000;30642.5;30648.75;30638.5;30643;2758
20260602 173100;30643.25;30649;30640;30643.75;2333
20260602 173200;30643.75;30645.75;30637.25;30640.25;1897
20260602 173300;30640.25;30646.5;30628.75;30643;3797
20260602 173400;30643.5;30650;30627.75;30629.25;3607
20260602 173500;30629;30632.25;30625;30626.25;2401
20260602 173600;30626.25;30629.25;30620;30628;3381
20260602 173700;30627.5;30630;30620.25;30624.5;2041
20260602 173800;30624.5;30627;30617.75;30620.75;2488
20260602 173900;30620.5;30620.5;30609;30613.5;4173
20260602 174000;30614.25;30616.5;30610.5;30612.5;1913
20260602 174100;30612.5;30620.5;30611;30615.25;2470
20260602 174200;30615;30634;30612.75;30633.25;3814
20260602 174300;30633.25;30640;30630.75;30633;3873
20260602 174400;30632.75;30635;30627.75;30630.25;1787
20260602 174500;30629.75;30637.25;30625.25;30635.75;2320
20260602 174600;30635.5;30640.5;30630.25;30631.5;2649
20260602 174700;30631.5;30643.25;30630.5;30641.25;1912
20260602 174800;30641.5;30645.75;30638.25;30638.75;2194
20260602 174900;30638.75;30649;30638.5;30648;1973
20260602 175000;30648.25;30648.5;30641.75;30645.75;1375
20260602 175100;30645.75;30650.25;30640;30643;2607
20260602 175200;30643.25;30647.25;30636.5;30637;1809
20260602 175300;30636.75;30647;30633.25;30644.25;2431
20260602 175400;30644.25;30647.25;30639.75;30646.75;1203
20260602 175500;30647;30649;30638;30641;1518
20260602 175600;30641;30641;30631.5;30631.75;2170
20260602 175700;30631.25;30638.25;30630.5;30634.75;1627
20260602 175800;30635.25;30636.25;30628.5;30631.75;1577
20260602 175900;30631.75;30635;30624.75;30631.5;2311
20260602 180000;30631.5;30634.75;30627.25;30627.75;1262
20260602 180100;30628.25;30632.25;30622.75;30625;2470
20260602 180200;30624.75;30631;30622.5;30624.75;1927
20260602 180300;30624.5;30626;30618;30623.25;2070
20260602 180400;30622.5;30630.25;30618.5;30618.5;1780
20260602 180500;30619;30623.25;30614.5;30621;2004
20260602 180600;30621;30631.75;30620.75;30627.75;2204
20260602 180700;30627.75;30632.5;30626;30627.5;1805
20260602 180800;30627.25;30641.25;30626.5;30640.75;2508
20260602 180900;30640.25;30645.75;30636.5;30643.5;2134
20260602 181000;30643.5;30648.25;30641.25;30643.75;1626
20260602 181100;30643.75;30648.75;30642.75;30647.75;1424
20260602 181200;30647.75;30649.75;30644.75;30649.5;1318
20260602 181300;30649.25;30668.5;30649.25;30652.5;6819
20260602 181400;30652.5;30653.75;30646;30652.5;2128
20260602 181500;30652.75;30653.25;30646.75;30647.5;1103
20260602 181600;30648.5;30648.5;30636.75;30637.75;3154
20260602 181700;30637.5;30641;30634.5;30637.25;2179
20260602 181800;30637.5;30644.25;30637;30637.75;1386
20260602 181900;30637.5;30644;30636.25;30639.5;1336
20260602 182000;30639.75;30641.5;30632.5;30634;1741
20260602 182100;30634.5;30637;30629.5;30634.75;1653
20260602 182200;30634.25;30637.5;30629.75;30635.25;1357
20260602 182300;30635;30639;30632.75;30636;952
20260602 182400;30636.25;30641.75;30636.25;30636.25;1128
20260602 182500;30636.25;30637.75;30632;30635.25;1082
20260602 182600;30634.5;30642.25;30634.25;30642.25;1292
20260602 182700;30641.5;30645.25;30638.75;30638.75;1613
20260602 182800;30638.75;30641.5;30634.25;30638;1143
20260602 182900;30638;30639.75;30631.75;30635.5;1445
20260602 183000;30636;30639.5;30633.75;30637.25;740
20260602 183100;30638.25;30650;30637.5;30645.5;2665
20260602 183200;30646;30654.75;30645.75;30654.25;2592
20260602 183300;30654.25;30654.25;30642.5;30643.25;1760
20260602 183400;30643.25;30653;30642.75;30648;1512
20260602 183500;30648.25;30651;30638.75;30639.25;1732
20260602 183600;30639;30639.5;30624;30627.5;3831
20260602 183700;30628;30632.5;30623.75;30631.25;1769
20260602 183800;30631.5;30631.75;30618.75;30619.5;2103
20260602 183900;30619.5;30621.75;30615.75;30617.5;1991
20260602 184000;30617.5;30620.5;30608.5;30609;2706
20260602 184100;30609.25;30611.75;30597.75;30610.75;4339
20260602 184200;30610.25;30615.5;30607.25;30607.5;2409
20260602 184300;30607.75;30617.25;30607.75;30612;2112
20260602 184400;30612.5;30621;30612;30620;1865
20260602 184500;30620.5;30622.25;30614.25;30617.5;1625
20260602 184600;30617.5;30619.25;30613;30618.25;1355
20260602 184700;30618.5;30621.25;30616.25;30619.5;1044
20260602 184800;30619.75;30628;30618.75;30622.75;2064
20260602 184900;30622.75;30627.75;30620;30625.75;1376
20260602 185000;30625.75;30634;30625.25;30629.5;2172
20260602 185100;30630;30633.75;30626.5;30629;1534
20260602 185200;30629.25;30629.75;30616;30616;2292
20260602 185300;30616.25;30621.75;30615;30618.75;1339
20260602 185400;30618.5;30627.25;30618.5;30621;1013
20260602 185500;30620.25;30627.75;30617.75;30625.25;1283
20260602 185600;30625.5;30625.75;30619.25;30622;995
20260602 185700;30622.25;30636.5;30618.75;30633.75;2264
20260602 185800;30634;30638.5;30632.25;30635.75;1764
20260602 185900;30635.5;30640.25;30632.75;30638.75;1139
20260602 190000;30638.5;30641.25;30635.5;30638.25;1146
20260602 190100;30638.75;30648.75;30637.5;30646.5;2780
20260602 190200;30646.75;30654;30644.5;30652.75;2389
20260602 190300;30653;30659;30649.75;30658.25;2209
20260602 190400;30658.5;30664.5;30656;30664;2850
20260602 190500;30664;30668.5;30659.75;30667.5;2508
20260602 190600;30667.75;30669.75;30663.75;30667;1772
20260602 190700;30667.25;30670;30658.5;30660.5;2890
20260602 190800;30660.75;30671.5;30660.25;30667;2400
20260602 190900;30667.25;30667.75;30655.75;30662;2233
20260602 191000;30661.5;30668.5;30661.5;30666.75;1517
20260602 191100;30666.75;30675.75;30666;30675.25;3036
20260602 191200;30674.75;30679.5;30673.5;30676.75;2150
20260602 191300;30676.5;30679.25;30673.5;30679;1340
20260602 191400;30679.25;30682;30676.5;30680.75;1889
20260602 191500;30680.75;30682.5;30669.75;30672.5;2199
20260602 191600;30672.75;30677.75;30672.25;30675.25;1549
20260602 191700;30675.5;30678;30670.5;30677.5;1220
20260602 191800;30677.5;30678;30673;30674.75;740
20260602 191900;30675.25;30675.25;30662.5;30665;2216
20260602 192000;30664.75;30672.5;30662.25;30670.5;1957
20260602 192100;30670.25;30678.75;30668.25;30676.5;1760
20260602 192200;30676.5;30679.75;30675.25;30678.75;1217
20260602 192300;30678.75;30686.25;30677.5;30683.5;2741
20260602 192400;30683.5;30686.75;30681;30685;1458
20260602 192500;30684.75;30685.5;30677.25;30683;1542
20260602 192600;30682.5;30685.5;30681;30681.5;1121
20260602 192700;30681.5;30682.5;30676;30678.25;1364
20260602 192800;30678.25;30680.25;30669.75;30671.25;1722
20260602 192900;30671.5;30674.25;30663.75;30664.5;2446
20260602 193000;30664.75;30667.75;30661;30664;1750
20260602 193100;30664.25;30673;30662.5;30672.25;2291
20260602 193200;30672;30678;30666.75;30668.75;2620
20260602 193300;30668.5;30672.5;30664.5;30668.25;1561
20260602 193400;30668;30673;30665;30672.75;1259
20260602 193500;30672.5;30680;30672.25;30675.25;2250
20260602 193600;30675.25;30678.75;30674.25;30676.5;1052
20260602 193700;30676.5;30683;30675.5;30681.5;1288
20260602 193800;30681.75;30684;30676;30681.5;1522
20260602 193900;30681.5;30681.5;30672;30677.5;1525
20260602 194000;30677.75;30678.5;30670.5;30671.25;1120
20260602 194100;30671;30674;30667.5;30673.25;1061
20260602 194200;30673.5;30680.25;30671.5;30679.5;1685
20260602 194300;30679.5;30686;30676.75;30680.5;2090
20260602 194400;30680.5;30686;30677.75;30685.25;1260
20260602 194500;30685;30686;30679.75;30681.75;1246
20260602 194600;30681.75;30689.75;30678;30687.5;2452
20260602 194700;30687.5;30693.75;30682.25;30693;2815
20260602 194800;30693;30698;30692.5;30697.25;2611
20260602 194900;30697.5;30705.75;30697;30699.25;3546
20260602 195000;30699.5;30704.75;30699.25;30702.25;1728
20260602 195100;30702.5;30707;30690;30693;5055
20260602 195200;30693.5;30702.5;30690.5;30701;2194
20260602 195300;30700.5;30706;30695;30697.25;2088
20260602 195400;30697.25;30713;30697;30706.5;3950
20260602 195500;30706.25;30706.25;30695.75;30699.5;3804
20260602 195600;30699.25;30707.75;30693;30706.25;2966
20260602 195700;30706.5;30709.75;30703;30706.25;1482
20260602 195800;30706.5;30713.75;30705.25;30712.25;2171
20260602 195900;30712.25;30719;30710.5;30714.25;3324
20260602 200000;30714.25;30720.5;30705;30707.25;7940
20260602 200100;30707;30712.25;30704;30706.25;3412
20260602 200200;30706.25;30706.25;30697.75;30698.75;1788
20260602 200300;30698.75;30705.5;30697.75;30699.75;1127
20260602 200400;30700;30720.75;30699.5;30720;2389
20260602 200500;30719.5;30736;30718.5;30733.25;4634
20260602 200600;30732.75;30763.5;30732.75;30752.5;7039
20260602 200700;30752.5;30760.5;30743.75;30756.5;2895
20260602 200800;30756;30757.75;30747.75;30750.75;2099
20260602 200900;30750.75;30754.5;30744.75;30746.5;1388
20260602 201000;30746;30749.5;30742;30743;1241
20260602 201100;30742.5;30754;30742;30749.75;1598
20260602 201200;30749.25;30754.75;30747;30753;870
20260602 201300;30753;30753.25;30745.75;30750.5;789
20260602 201400;30750;30751.75;30747;30748.5;551
20260602 201500;30748.25;30750.25;30733.75;30738.25;1916
20260602 201600;30739.25;30750;30737;30750;1315
20260602 201700;30749;30751.75;30746;30750.25;892
20260602 201800;30750.25;30753.5;30747.5;30750.5;534
20260602 201900;30750.25;30756.25;30748;30754.75;836
20260602 202000;30755.25;30759;30754.25;30757.5;717
20260602 202100;30757.5;30762.25;30754.25;30756.5;1343
20260602 202200;30756;30760;30752;30754.75;949
20260602 202300;30755;30756.5;30750;30750.25;580
20260602 202400;30750.25;30751;30744.75;30746.5;691
20260602 202500;30746.5;30748.5;30745.5;30747.25;268
20260602 202600;30747.75;30748;30737.25;30741.5;994
20260602 202700;30741.25;30742.75;30736.75;30739.25;670
20260602 202800;30740;30746.5;30739;30745.25;479
20260602 202900;30745.25;30745.75;30737.75;30738;411
20260602 203000;30738.5;30740.75;30737.5;30737.75;257
20260602 203100;30737.25;30743.25;30737;30740.25;384
20260602 203200;30740;30742.25;30737.25;30741.75;367
20260602 203300;30742.25;30744.75;30739.25;30739.75;377
20260602 203400;30739.5;30742.75;30738.75;30742;257
20260602 203500;30742.25;30742.75;30738.25;30740.5;316
20260602 203600;30740.5;30742.25;30738.5;30741.5;191
20260602 203700;30741.5;30747.25;30741;30745.25;559
20260602 203800;30745;30745.25;30739.75;30742;496
20260602 203900;30742.5;30746;30741.5;30743.5;308
20260602 204000;30744;30744.25;30738.75;30740.75;439
20260602 204100;30740.5;30742;30739;30740;354
20260602 204200;30739.5;30742.5;30738;30742.25;223
20260602 204300;30741.5;30743;30739.5;30739.5;359
20260602 204400;30740;30742.25;30739.25;30740.75;305
20260602 204500;30740.5;30743;30739.5;30742.25;452
20260602 204600;30742.25;30746;30740.75;30745.25;679
20260602 204700;30745;30745.75;30740;30740;375
20260602 204800;30740;30743.5;30738.25;30742.25;375
20260602 204900;30742.25;30743.25;30740.75;30743;289
20260602 205000;30742.5;30744.5;30741.5;30744.25;196
20260602 205100;30743.75;30746.25;30743;30745.25;234
20260602 205200;30745.75;30747;30745;30746.25;195
20260602 205300;30746;30750;30744;30744.5;476
20260602 205400;30744.5;30745.25;30736;30738;408
20260602 205500;30738.25;30741;30738;30740.25;393
20260602 205600;30740;30745.75;30739.75;30745;404
20260602 205700;30745;30748.25;30744.75;30747.5;101
20260602 205800;30747.75;30749.25;30742.75;30743;444
20260602 205900;30743;30748;30742.5;30748;204
20260602 210000;30747.25;30749.5;30740.5;30743;443
20260602 220100;30743;30743;30721.5;30732;1754
20260602 220200;30733.25;30734.25;30717.25;30720;1438
20260602 220300;30719.5;30723;30717.5;30722.25;604
20260602 220400;30721.5;30724.25;30719.75;30720.75;503
20260602 220500;30721.5;30736.25;30717;30718.25;1215
20260602 220600;30719;30730.5;30717.75;30723.75;739
20260602 220700;30724.5;30740.5;30724.25;30737.5;760
20260602 220800;30736.75;30738.5;30730.75;30735.75;570
20260602 220900;30736.5;30737;30732.25;30734.25;257
20260602 221000;30734.75;30736;30732;30734.5;255
20260602 221100;30735.25;30736;30729;30733.75;482
20260602 221200;30733.25;30744;30731.75;30743;733
20260602 221300;30743;30753.5;30726;30729;1849
20260602 221400;30728.5;30730.5;30720.75;30730.25;1289
20260602 221500;30730.5;30732.5;30727.25;30729.75;354
20260602 221600;30730.75;30734.5;30727;30728.75;372
20260602 221700;30729;30729.25;30723;30724.25;461
20260602 221800;30723.5;30729.5;30722.25;30727.75;463
20260602 221900;30726.5;30729;30724.5;30724.5;225
20260602 222000;30724.75;30730.5;30723;30729.75;350
20260602 222100;30729.25;30732.5;30728.75;30732;282
20260602 222200;30733;30739.25;30731.75;30736.5;609
20260602 222300;30736.5;30738.25;30732.5;30734;524
20260602 222400;30734;30737.25;30733.25;30734.75;152
20260602 222500;30733.75;30736.5;30733.5;30734;129
20260602 222600;30734.5;30735;30726.25;30727.75;416
20260602 222700;30728.25;30738.25;30728.25;30737;388
20260602 222800;30737;30741.5;30736.5;30738.5;416
20260602 222900;30738;30743;30737.25;30742;414
20260602 223000;30741.75;30742;30738.5;30740.25;220
20260602 223100;30740.25;30747;30738.5;30742.75;788
20260602 223200;30743.5;30746.5;30742.75;30745;394
20260602 223300;30745;30757.25;30745;30754.5;1104
20260602 223400;30754;30754.75;30750.5;30751.75;424
20260602 223500;30752;30753;30747.25;30749.75;381
20260602 223600;30749.75;30750;30744;30746.75;370
20260602 223700;30746.75;30749.75;30745.5;30747;193
20260602 223800;30747.75;30750.25;30746.75;30747.75;205
20260602 223900;30747.75;30750.25;30747;30750;159
20260602 224000;30750;30750;30736;30742;786
20260602 224100;30741.75;30744.25;30737.75;30740.5;394
20260602 224200;30740.75;30742;30738;30738.5;236
20260602 224300;30739.75;30745.75;30738.75;30742;423
20260602 224400;30741.25;30741.5;30736;30741.5;405
20260602 224500;30741;30742.25;30737;30737;134
20260602 224600;30737.75;30740.5;30735.25;30735.75;382
20260602 224700;30736.25;30739.25;30735;30739;338
20260602 224800;30739.25;30740.75;30737.75;30739.25;244
20260602 224900;30738;30738.5;30718.25;30726;1654
20260602 225000;30726;30728;30720;30727.25;796
20260602 225100;30727.25;30729;30722;30726.75;538
20260602 225200;30727.25;30729;30706.25;30716.25;1695
20260602 225300;30716.25;30724.75;30703.5;30707.25;2072
20260602 225400;30707.5;30710.25;30703;30707.5;998
20260602 225500;30706.75;30712.75;30703.5;30711;622
20260602 225600;30710.25;30715.75;30709;30714.75;598
20260602 225700;30715.5;30716.75;30709.25;30710.5;437
20260602 225800;30711;30712.25;30706.75;30709.5;412
20260602 225900;30709;30709.25;30697.75;30698.25;1126
20260602 230000;30698.25;30704.5;30697.75;30704.5;657
20260602 230100;30704.5;30709.5;30702;30703.5;695
20260602 230200;30704.25;30705;30691.5;30693.25;1238
20260602 230300;30693.25;30695;30686.5;30687.5;1283
20260602 230400;30687.5;30690.25;30678.5;30679.5;1623
20260602 230500;30679.5;30681.75;30675.5;30675.75;1410
20260602 230600;30676;30689.25;30675.25;30686.75;1352
20260602 230700;30687;30689.5;30680.75;30684;746
20260602 230800;30683.5;30685;30677;30678;782
20260602 230900;30678;30683.25;30676;30682.5;555
20260602 231000;30682;30684.25;30671;30671.75;979
20260602 231100;30672;30678.25;30670.25;30674.5;737
20260602 231200;30675;30677.75;30672.5;30675;473
20260602 231300;30675.75;30682.75;30666.5;30679.75;1568
20260602 231400;30679.75;30681.25;30675.75;30678.5;605
20260602 231500;30678.5;30680.25;30672.5;30675.75;584
20260602 231600;30676;30678.5;30673.5;30673.5;392
20260602 231700;30673.5;30673.5;30657.25;30659;2072
20260602 231800;30659;30667.5;30644.5;30647.5;2591
20260602 231900;30647.75;30654;30641.25;30649.5;1914
20260602 232000;30649;30651;30625.75;30629;2850
20260602 232100;30630;30630.25;30616.25;30617.75;3070
20260602 232200;30617.75;30620.5;30601.5;30603.75;3098
20260602 232300;30603;30611.5;30601.5;30606;2173
20260602 232400;30606.25;30615.25;30588;30597.5;3816
20260602 232500;30597.5;30609;30588.5;30593.5;3925
20260602 232600;30592.75;30594.5;30566.25;30575.75;3971
20260602 232700;30575.25;30592.25;30570;30590.25;2310
20260602 232800;30590.25;30591.5;30577;30581.25;1283
20260602 232900;30581.75;30593.25;30578.75;30587.5;1218
20260602 233000;30587.25;30614;30582.25;30611;2546
20260602 233100;30610.75;30619;30598.75;30612;3252
20260602 233200;30612.25;30613.25;30595;30603;1637
20260602 233300;30603.25;30612.5;30602.75;30611.75;847
20260602 233400;30612.75;30624;30609.75;30616;1865
20260602 233500;30616.25;30617.75;30599.25;30606.25;1383
20260602 233600;30606.5;30634.75;30604;30632.25;2506
20260602 233700;30631.75;30644;30629;30637.75;2402
20260602 233800;30638.25;30639.25;30615.75;30632;2122
20260602 233900;30632.25;30645.75;30631;30644;1823
20260602 234000;30643.25;30648.75;30639.75;30646.75;1051
20260602 234100;30646.75;30652.75;30639.25;30652.5;1224
20260602 234200;30651.75;30662.5;30650.5;30651.5;1686
20260602 234300;30651.25;30670.5;30650.5;30663;1994
20260602 234400;30663.25;30669;30660.5;30668.5;831
20260602 234500;30668.5;30689.25;30667;30681.25;2858
20260602 234600;30681.5;30689.25;30676;30680.5;1713
20260602 234700;30680.25;30685.5;30674;30681.75;1180
20260602 234800;30682;30683.25;30675.5;30677.75;635
20260602 234900;30677.75;30679.5;30671;30672.75;1154
20260602 235000;30673.25;30679.5;30672.25;30677.5;604
20260602 235100;30677.5;30688.5;30677;30684;1292
20260602 235200;30684;30687.25;30681.25;30682.25;648
20260602 235300;30682.75;30684.5;30677.25;30681;629
20260602 235400;30681;30682.75;30667.5;30682;1044
20260602 235500;30681.75;30701.5;30680.25;30697.5;2291
20260602 235600;30697.75;30699;30687;30692.75;1331
20260602 235700;30693;30696.5;30689.25;30694.5;599
20260602 235800;30694.75;30708.25;30694;30707;1605
20260602 235900;30706.25;30714.25;30702;30707;1866
20260603 000000;30707;30710.25;30698.75;30707.25;1134
20260603 000100;30707.5;30715.5;30703.25;30711.75;1576
20260603 000200;30712;30717.75;30708;30713.25;1002
20260603 000300;30713.5;30718;30709.5;30710.25;1059
20260603 000400;30710.5;30714.5;30708.25;30710.25;739
20260603 000500;30710.75;30717.25;30710;30711;705
20260603 000600;30711.25;30715.25;30705.5;30713.5;993
20260603 000700;30713.75;30715.5;30702;30707.75;1104
20260603 000800;30707.5;30708.5;30694.75;30696.25;1401
20260603 000900;30697.25;30699.5;30693.75;30695.75;802
20260603 001000;30695.75;30703.25;30692.25;30698.25;918
20260603 001100;30700.25;30700.75;30684.5;30690.5;1763
20260603 001200;30690.25;30699.25;30687.25;30697.5;895
20260603 001300;30697.75;30698;30690.5;30691.5;451
20260603 001400;30691.5;30694;30685.5;30688.25;921
20260603 001500;30687.75;30688.5;30677;30678.75;1426
20260603 001600;30678;30680;30671.5;30674.5;1617
20260603 001700;30674.75;30681.75;30672.75;30679.75;841
20260603 001800;30679.25;30680.5;30671.25;30673.25;758
20260603 001900;30673;30689.5;30670.75;30687.5;1340
20260603 002000;30687.25;30697.75;30684.75;30695;1426
20260603 002100;30694.75;30695.75;30687.25;30690;777
20260603 002200;30690;30703.25;30689.75;30696.25;1186
20260603 002300;30696;30699.75;30691.5;30693.25;578
20260603 002400;30693.5;30696.75;30684;30684.5;1072
20260603 002500;30684.5;30684.5;30677.5;30680.25;884
20260603 002600;30680.25;30686.75;30676.5;30679.25;698
20260603 002700;30679.25;30683.5;30678;30683;454
20260603 002800;30683.25;30686.75;30678.5;30686.5;406
20260603 002900;30686.5;30692;30684;30686.75;645
20260603 003000;30687;30693.75;30686.75;30691.5;492
20260603 003100;30692;30701.25;30691.5;30693;964
20260603 003200;30692.75;30694.75;30690;30694;499
20260603 003300;30693.5;30693.5;30686.75;30689.75;457
20260603 003400;30690.25;30699.25;30690;30696.5;583
20260603 003500;30696.25;30704.5;30695;30699.25;712
20260603 003600;30699.25;30700;30696.5;30698.75;355
20260603 003700;30698.25;30698.75;30694.25;30696.5;243
20260603 003800;30696.25;30698;30693.25;30697;299
20260603 003900;30697.25;30709.5;30697.25;30705.25;1383
20260603 004000;30705.75;30710;30700.75;30705.25;931
20260603 004100;30705.25;30710.75;30703.5;30709;688
20260603 004200;30709;30710.75;30703.25;30707;657
20260603 004300;30706.75;30708;30704;30706.25;357
20260603 004400;30705.75;30709;30705.25;30706;288
20260603 004500;30706.25;30714.5;30706.25;30714.5;899
20260603 004600;30713.5;30717;30711.75;30715.75;758
20260603 004700;30715;30717;30709;30713;650
20260603 004800;30712.75;30714.25;30710.5;30714.25;281
20260603 004900;30714.25;30718;30712.75;30717.5;576
20260603 005000;30717.25;30720;30709.75;30712.5;760
20260603 005100;30712;30716.25;30711.5;30713.25;456
20260603 005200;30713.25;30725.5;30712.5;30720.5;664
20260603 005300;30720.5;30726.25;30718.25;30724;1096
20260603 005400;30724.25;30724.5;30715.5;30716;574
20260603 005500;30715.75;30719.75;30714.5;30719;375
20260603 005600;30718;30720;30714.75;30716.25;508
20260603 005700;30715.25;30723;30715.25;30719.75;378
20260603 005800;30720;30722;30717.25;30721;348
20260603 005900;30721.5;30722;30716.25;30717;324
20260603 010000;30717.25;30720.5;30716.25;30720.25;386
20260603 010100;30719.5;30724;30703;30704.25;2149
20260603 010200;30704.75;30704.75;30691.75;30692;1973
20260603 010300;30692.25;30701;30690.25;30700.25;1059
20260603 010400;30699.5;30700;30686;30686.25;1185
20260603 010500;30687;30695.75;30686.25;30690.5;974
20260603 010600;30690.5;30695;30686.75;30694;679
20260603 010700;30693.75;30697;30681.25;30683;1430
20260603 010800;30683.75;30684.5;30675;30676.25;1490
20260603 010900;30676.75;30688.5;30676.75;30686.5;885
20260603 011000;30686.75;30691;30681.5;30684.5;784
20260603 011100;30684.5;30689.5;30682.75;30688;573
20260603 011200;30687.5;30687.75;30680;30682.5;508
20260603 011300;30683;30683.25;30677;30679.75;579
20260603 011400;30679.25;30682;30676.5;30681;420
20260603 011500;30680.5;30687.5;30675;30675.5;913
20260603 011600;30676;30678.25;30671.25;30677.25;1089
20260603 011700;30676.75;30683.25;30676.5;30681;590
20260603 011800;30680.25;30683;30676.5;30682;463
20260603 011900;30682.75;30685.75;30681;30683.75;491
20260603 012000;30684.5;30687.25;30682.5;30684.5;386
20260603 012100;30685.25;30685.75;30680.75;30682;297
20260603 012200;30682;30685.75;30681.25;30684.5;208
20260603 012300;30684.25;30685.75;30680;30682.25;306
20260603 012400;30681.75;30684.5;30675.25;30676.25;531
20260603 012500;30677;30680.25;30675.5;30679.5;321
20260603 012600;30678.5;30684;30678.25;30680.75;444
20260603 012700;30680;30682;30678.25;30679.5;218
20260603 012800;30679;30688.5;30679;30685;629
20260603 012900;30685.25;30687.5;30681;30686;524
20260603 013000;30686.25;30688.75;30684.25;30685;375
20260603 013100;30685.25;30696.75;30677.25;30694.75;1794
20260603 013200;30694.75;30700;30689.75;30694;1382
20260603 013300;30694.5;30698.75;30686;30692.75;1294
20260603 013400;30693.75;30697;30690.75;30692.25;499
20260603 013500;30692.25;30697.5;30690.5;30696.5;257
20260603 013600;30696.5;30699.75;30695.75;30698;489
20260603 013700;30698.5;30699.5;30696.25;30696.5;259
20260603 013800;30696.25;30696.25;30677.75;30680.75;1632
20260603 013900;30680.5;30685.75;30679;30680;708
20260603 014000;30679.75;30680.25;30656.75;30671.25;2280
20260603 014100;30671.75;30675.75;30662;30665.5;1125
20260603 014200;30665.5;30671.75;30664;30668.75;647
20260603 014300;30668.75;30670;30661.25;30662.5;756
20260603 014400;30661.75;30667.25;30660;30663;710
20260603 014500;30663;30667.25;30657;30667;781
20260603 014600;30667;30668.75;30656.75;30659;889
20260603 014700;30658.75;30660.75;30652;30655.5;904
20260603 014800;30655.25;30658;30653;30657.25;548
20260603 014900;30657.25;30668;30656.25;30665.25;1188
20260603 015000;30665;30669;30662.75;30666.5;595
20260603 015100;30666.25;30666.25;30658.25;30660;730
20260603 015200;30660.5;30674;30660.5;30671.75;1137
20260603 015300;30671.25;30675.5;30668.75;30674.75;556
20260603 015400;30674.75;30683.5;30672.75;30678.5;1139
20260603 015500;30678.5;30680;30674.5;30677.5;531
20260603 015600;30677.75;30680.5;30674.75;30677.75;463
20260603 015700;30677.5;30681.25;30675.5;30681;376
20260603 015800;30681.25;30681.75;30674;30676.75;420
20260603 015900;30677.25;30681.5;30676;30678.75;319
20260603 020000;30680;30685.25;30680;30683;447
20260603 020100;30683.25;30686.25;30676.5;30678.75;659
20260603 020200;30679;30684.25;30674;30675;652
20260603 020300;30675.5;30677;30671.75;30676.75;582
20260603 020400;30678;30692.5;30677;30685.75;1005
20260603 020500;30685.75;30687;30681.75;30684.75;466
20260603 020600;30684.75;30688.5;30683.75;30688;346
20260603 020700;30687.75;30687.75;30680.25;30683.25;441
20260603 020800;30684;30684.25;30676.75;30679;385
20260603 020900;30679.25;30682.25;30677.25;30680.25;322
20260603 021000;30680;30684.75;30676.5;30683;321
20260603 021100;30683.25;30687.25;30683;30684;307
20260603 021200;30684.5;30687;30682.75;30684;282
20260603 021300;30684;30691;30681.25;30689.5;599
20260603 021400;30689.75;30691;30687.25;30689.5;272
20260603 021500;30690.75;30691.5;30687.75;30690.25;465
20260603 021600;30689.75;30691;30685.25;30689;318
20260603 021700;30688;30689;30684.5;30685.5;230
20260603 021800;30685.5;30695;30685;30693.25;644
20260603 021900;30693.25;30693.5;30690.25;30691.5;323
20260603 022000;30691;30692;30686.5;30686.75;341
20260603 022100;30687;30688.25;30676.5;30676.75;970
20260603 022200;30677.5;30679;30668.25;30671.75;1032
20260603 022300;30672;30676;30666.75;30668.5;880
20260603 022400;30667.75;30670;30667;30668.75;436
20260603 022500;30668.5;30673.25;30667.75;30668.25;505
20260603 022600;30668.25;30674.5;30664.25;30672.25;744
20260603 022700;30672;30694;30671.5;30686.75;1822
20260603 022800;30687.25;30688;30678.75;30682;801
20260603 022900;30681.25;30684.25;30676.75;30677.75;402
20260603 023000;30678;30684;30675.5;30679;501
20260603 023100;30679.5;30680.5;30676.5;30678;275
20260603 023200;30678.75;30682;30674.25;30676.25;476
20260603 023300;30676.25;30678.5;30673.25;30678.5;254
20260603 023400;30678.5;30685;30676;30682.25;433
20260603 023500;30682;30683.5;30677.75;30678.25;303
20260603 023600;30678.25;30680;30675.5;30676;187
20260603 023700;30675.75;30680;30670.75;30679.25;533
20260603 023800;30679.25;30684.75;30678.5;30684;332
20260603 023900;30683.75;30685.75;30682.75;30685;424
20260603 024000;30685.5;30686;30683.25;30683.75;189
20260603 024100;30684.25;30687.25;30683.25;30685.75;269
20260603 024200;30685.25;30689;30685;30685.75;379
20260603 024300;30686.25;30686.75;30683.5;30683.75;156
20260603 024400;30684;30688.25;30678.75;30682;471
20260603 024500;30681.25;30682;30677.75;30680.25;290
20260603 024600;30680;30680.25;30675.5;30677;303
20260603 024700;30676.5;30678.75;30671.75;30672.5;276
20260603 024800;30672.5;30676;30669.75;30676;340
20260603 024900;30675.5;30675.75;30672;30673;172
20260603 025000;30672.75;30676;30671;30673;277
20260603 025100;30673.5;30677.5;30672.5;30675.75;289
20260603 025200;30675.5;30676;30671.5;30671.75;229
20260603 025300;30672;30672.75;30669.25;30672.25;345
20260603 025400;30672.5;30673.25;30669;30669.75;321
20260603 025500;30669.75;30673;30669.25;30672;259
20260603 025600;30671.75;30675.5;30668.25;30673.5;298
20260603 025700;30673.25;30676.75;30673;30675;385
20260603 025800;30675.25;30676.5;30672.5;30674;187
20260603 025900;30674.75;30678.25;30674;30676.75;219
20260603 030000;30677.25;30681.25;30676.75;30679.25;266
20260603 030100;30679;30681.5;30678;30680.75;319
20260603 030200;30680.5;30680.5;30673;30676.75;421
20260603 030300;30676.75;30678.5;30674.5;30675.5;205
20260603 030400;30676.25;30680.25;30675.5;30679;219
20260603 030500;30678.5;30681;30678.25;30678.75;196
20260603 030600;30679.5;30682.25;30673.25;30677.25;434
20260603 030700;30677.5;30680.75;30672.5;30672.5;427
20260603 030800;30673.5;30676.75;30672.25;30674.75;283
20260603 030900;30673.75;30675.75;30670.75;30674.25;166
20260603 031000;30674.25;30676.25;30672.25;30676.25;120
20260603 031100;30676.25;30679.25;30675.5;30679;186
20260603 031200;30678.5;30679;30675.75;30678;112
20260603 031300;30678.5;30683.5;30677.75;30682.5;308
20260603 031400;30682.5;30685.5;30682.25;30685.25;400
20260603 031500;30685;30688;30683.5;30687.75;320
20260603 031600;30687.5;30688.25;30683;30684.25;342
20260603 031700;30685;30686.75;30683;30685.5;160
20260603 031800;30685.75;30688.5;30685.25;30687.5;216
20260603 031900;30687.5;30687.5;30685.5;30686.25;85
20260603 032000;30686.25;30688;30685;30686.5;97
20260603 032100;30686.5;30693;30686.5;30691.5;558
20260603 032200;30691.25;30697;30690.75;30695.25;871
20260603 032300;30694.5;30698.5;30694.5;30696;349
20260603 032400;30696.5;30706;30696.25;30703;915
20260603 032500;30703.5;30704.75;30698.5;30700.75;468
20260603 032600;30701;30701.25;30693.5;30694.25;524
20260603 032700;30694.25;30694.5;30683;30685.5;1220
20260603 032800;30685.5;30686.5;30682.25;30683.5;347
20260603 032900;30683.25;30687.5;30681;30687;329
20260603 033000;30686.5;30687.5;30683;30684;282
20260603 033100;30685;30693.75;30684.5;30692.25;509
20260603 033200;30693.5;30695;30691.25;30693.5;327
20260603 033300;30693.75;30694.75;30689.75;30691.5;295
20260603 033400;30692;30695.25;30691.25;30691.75;287
20260603 033500;30692.5;30696.5;30690.75;30695.75;170
20260603 033600;30695.5;30697;30693.75;30696.25;250
20260603 033700;30696.75;30696.75;30692.5;30694.5;129
20260603 033800;30694;30694.75;30692;30693.25;119
20260603 033900;30693;30693.5;30689.25;30691.75;294
20260603 034000;30692.5;30692.75;30688.25;30688.75;182
20260603 034100;30689;30696.25;30688;30696.25;259
20260603 034200;30696.25;30699.75;30695;30698.75;325
20260603 034300;30698;30699.75;30697.25;30697.25;135
20260603 034400;30698;30701.25;30696.25;30699.5;220
20260603 034500;30699.5;30701.5;30696.75;30697.75;289
20260603 034600;30698.5;30699;30696;30698.25;189
20260603 034700;30698;30699;30693.5;30697.25;280
20260603 034800;30697.25;30698.5;30695;30696.25;108
20260603 034900;30696.5;30698;30696;30696.75;76
20260603 035000;30696.5;30698.25;30692;30692.25;236
20260603 035100;30692.75;30695;30690.75;30694.5;277
20260603 035200;30694.5;30698;30694.25;30697.5;173
20260603 035300;30697;30699.75;30695.5;30698;158
20260603 035400;30698.25;30704.25;30697.25;30697.5;445
20260603 035500;30698.25;30703.25;30697.5;30702.75;175
20260603 035600;30703.25;30708.5;30700.75;30706.5;664
20260603 035700;30706.5;30710;30705.75;30708.5;523
20260603 035800;30708;30708.75;30704.5;30705.5;252
20260603 035900;30705.5;30708.25;30704.25;30707;278
20260603 040000;30706.5;30708;30705.75;30705.75;166
20260603 040100;30706.25;30709.75;30706;30707.5;331
20260603 040200;30707.25;30710.25;30707;30708.25;231
20260603 040300;30708.5;30710.25;30705.5;30705.5;225
20260603 040400;30705.75;30715.5;30705.75;30713.75;762
20260603 040500;30713.25;30719;30712;30717.75;663
20260603 040600;30717.5;30722.75;30715.75;30722;694
20260603 040700;30721.5;30723.25;30717.5;30719.5;531
20260603 040800;30719.75;30720;30717.5;30717.75;257
20260603 040900;30717.25;30720.75;30716.25;30719.5;345
20260603 041000;30719.25;30723;30718.5;30722;345
20260603 041100;30721.5;30725;30717.25;30723.5;561
20260603 041200;30723.75;30724;30717.75;30720.25;404
20260603 041300;30720.25;30723;30720;30721.75;161
20260603 041400;30721.5;30724.5;30720.75;30723.5;239
20260603 041500;30723.5;30730.5;30723.25;30724.5;754
20260603 041600;30724;30724.75;30720.75;30723.25;348
20260603 041700;30722.75;30727.75;30722.25;30725.75;330
20260603 041800;30725.5;30726;30712.5;30715;753
20260603 041900;30714.25;30717.75;30713;30715;389
20260603 042000;30715.25;30719;30715.25;30717;335
20260603 042100;30716.5;30719.75;30716;30719;178
20260603 042200;30718.75;30719.25;30717.5;30718.25;78
20260603 042300;30718.5;30720;30717.75;30720;79
20260603 042400;30720.25;30722.25;30718.25;30721.5;261
20260603 042500;30721.75;30722;30720.25;30720.25;167
20260603 042600;30720.25;30724.75;30719;30723.75;231
20260603 042700;30724.25;30724.75;30720;30722;179
20260603 042800;30722.5;30724.75;30722.25;30723.25;179
20260603 042900;30723.5;30723.5;30718.5;30721;216
20260603 043000;30721.25;30722.5;30719.5;30722;132
20260603 043100;30721.75;30723;30720.25;30723;160
20260603 043200;30723;30723.75;30720.5;30722.5;160
20260603 043300;30721.75;30724.5;30721.5;30723.25;148
20260603 043400;30723.25;30725.75;30720.75;30725.5;220
20260603 043500;30725.25;30729.75;30725;30728;314
20260603 043600;30728;30730.75;30727.5;30728.5;486
20260603 043700;30728.75;30728.75;30719.25;30719.75;558
20260603 043800;30720.25;30720.5;30715.25;30718.75;493
20260603 043900;30718.5;30721.25;30718.25;30720.25;265
20260603 044000;30720;30721;30717;30720;198
20260603 044100;30720.25;30723.25;30719.25;30722.5;252
20260603 044200;30722.25;30724.75;30721;30722.75;227
20260603 044300;30722.5;30723.75;30719.75;30723.5;239
20260603 044400;30723.5;30724.5;30722.75;30723.75;230
20260603 044500;30723.75;30724.5;30721.75;30723.25;250
20260603 044600;30723.25;30724;30721.5;30722;105
20260603 044700;30721.75;30721.75;30711.5;30714.5;663
20260603 044800;30714.25;30718;30709.5;30709.75;612
20260603 044900;30709.75;30712.75;30701.75;30704.5;1102
20260603 045000;30704.75;30710.25;30704.75;30708.25;358
20260603 045100;30707.75;30712.25;30705.5;30712;290
20260603 045200;30712.25;30713.25;30710;30712.5;255
20260603 045300;30712.25;30712.5;30706;30706.75;225
20260603 045400;30707.75;30711.25;30707.5;30711;140
20260603 045500;30710.5;30711.75;30708.25;30708.75;108
20260603 045600;30709;30709.25;30703.5;30707;286
20260603 045700;30707;30708.75;30705.25;30707;119
20260603 045800;30706.75;30710;30704.5;30705.25;189
20260603 045900;30705;30705.75;30700.25;30703;481
20260603 050000;30702.25;30705.75;30701.5;30702.25;193
20260603 050100;30702;30703.25;30678.25;30684.5;1937
20260603 050200;30685.25;30693.25;30684.75;30690.25;669
20260603 050300;30690.25;30697.75;30689.75;30697.75;681
20260603 050400;30697;30697.75;30690.75;30696.25;386
20260603 050500;30696;30701.75;30695.5;30697;388
20260603 050600;30696.75;30698.75;30694.5;30695.75;240
20260603 050700;30696.5;30703.5;30696;30699.25;466
20260603 050800;30698.75;30699.5;30696.75;30697;222
20260603 050900;30697.5;30705.25;30697.5;30704.5;416
20260603 051000;30705;30710.5;30704;30709;578
20260603 051100;30709;30715.5;30708.25;30715;627
20260603 051200;30715.5;30718.75;30713.5;30715;440
20260603 051300;30714.75;30716.5;30712;30714;368
20260603 051400;30714.25;30718.25;30714.25;30718;250
20260603 051500;30717.5;30717.5;30711.5;30714;216
20260603 051600;30713;30716.25;30713;30713.25;200
20260603 051700;30713.25;30716.5;30712;30716.25;282
20260603 051800;30715.5;30715.5;30710;30712.5;372
20260603 051900;30713.25;30715;30712.25;30714;175
20260603 052000;30714.75;30715.75;30713.25;30714.75;192
20260603 052100;30713.75;30715.75;30713;30713;130
20260603 052200;30713.25;30719.5;30713.25;30718.25;297
20260603 052300;30718.25;30718.75;30715.25;30715.75;161
20260603 052400;30715.75;30717.75;30715;30717;131
20260603 052500;30716.5;30721.5;30716.25;30720;260
20260603 052600;30720.25;30722.5;30719.75;30722.25;270
20260603 052700;30722;30723.25;30718.5;30719.5;271
20260603 052800;30719;30719.75;30713.5;30714.75;298
20260603 052900;30713.75;30716.25;30706;30706;511
20260603 053000;30706.5;30708.75;30704;30707.5;326
20260603 053100;30707.25;30708;30696.75;30696.75;856
20260603 053200;30697;30698.25;30690;30690.75;656
20260603 053300;30690.75;30692.25;30684;30692;706
20260603 053400;30691.5;30697;30690.75;30696.5;494
20260603 053500;30696.5;30699;30693.75;30695;374
20260603 053600;30694.75;30697;30694.25;30696.5;196
20260603 053700;30696;30700.5;30693.5;30699.5;204
20260603 053800;30700;30703.5;30698.25;30703;273
20260603 053900;30702.75;30703.75;30695.75;30696.25;438
20260603 054000;30696.75;30703.25;30696.75;30702.75;170
20260603 054100;30702.5;30708.75;30701.25;30708.75;431
20260603 054200;30709;30710.5;30705.5;30708.75;300
20260603 054300;30708.25;30708.25;30704.25;30705.5;216
20260603 054400;30706.75;30707;30703;30705.25;198
20260603 054500;30704.75;30705;30694;30695;479
20260603 054600;30694.5;30699.25;30691.5;30693.25;540
20260603 054700;30693.75;30696;30693.5;30695.5;169
20260603 054800;30695.75;30696;30690;30690.75;356
20260603 054900;30691;30693.5;30688.5;30689.25;290
20260603 055000;30688.75;30694;30687.75;30693.5;313
20260603 055100;30693.5;30693.75;30691.25;30691.75;206
20260603 055200;30692;30695;30681.75;30683.75;712
20260603 055300;30684;30691;30683.5;30690.5;469
20260603 055400;30688.75;30690.75;30687;30688.5;218
20260603 055500;30688.25;30694.5;30688.25;30693.5;280
20260603 055600;30693.25;30696.25;30691.5;30694.75;457
20260603 055700;30694.5;30694.5;30689.5;30691.5;167
20260603 055800;30691;30693.75;30690.75;30692.25;88
20260603 055900;30692.25;30692.5;30685;30685.5;268
20260603 060000;30685.75;30691.5;30685;30689.25;245
20260603 060100;30689.5;30707;30687.25;30706.5;1109
20260603 060200;30706.25;30708;30701.5;30701.5;566
20260603 060300;30702;30703.75;30695;30703.25;675
20260603 060400;30703;30706;30699.25;30705.25;540
20260603 060500;30705.5;30713.25;30704.75;30712.75;633
20260603 060600;30712.5;30712.75;30704;30712;520
20260603 060700;30712;30712.25;30704.75;30707.5;312
20260603 060800;30707;30707.25;30697.5;30702.75;590
20260603 060900;30703;30705;30693.75;30699.25;553
20260603 061000;30699;30699.5;30694.25;30695.25;316
20260603 061100;30694.75;30694.75;30688.25;30689.25;544
20260603 061200;30690;30692;30682.5;30684;863
20260603 061300;30683.5;30683.75;30672.5;30676.75;1235
20260603 061400;30677.25;30682;30672.5;30680.5;683
20260603 061500;30680.75;30686.25;30679;30683;537
20260603 061600;30682.5;30684.25;30675.5;30676.5;463
20260603 061700;30676;30680.25;30675;30676.75;378
20260603 061800;30676.75;30683.25;30674.25;30675.75;393
20260603 061900;30676.5;30682.75;30676.25;30681;303
20260603 062000;30680.75;30684;30677.5;30682;330
20260603 062100;30682;30687.75;30680.75;30687.5;611
20260603 062200;30687;30689.75;30682.5;30687.5;429
20260603 062300;30687;30689.5;30685.5;30686;271
20260603 062400;30686.5;30691.25;30683.25;30689;233
20260603 062500;30689.5;30693.75;30687;30693;303
20260603 062600;30693.75;30696.25;30688.5;30689;500
20260603 062700;30688.5;30690.75;30685.25;30687;299
20260603 062800;30687.5;30691.25;30686;30690.5;251
20260603 062900;30690.25;30690.75;30686.25;30687;157
20260603 063000;30687;30694;30684.5;30691;491
20260603 063100;30690.75;30695;30686;30694.25;305
20260603 063200;30694.25;30695.25;30688;30689;474
20260603 063300;30688.75;30691;30681.75;30686;514
20260603 063400;30685.75;30687.5;30682.5;30683.75;358
20260603 063500;30684.25;30688.25;30679.5;30686.25;463
20260603 063600;30686.5;30691.75;30685;30691.75;409
20260603 063700;30692;30701.5;30691;30698;943
20260603 063800;30697.75;30704.5;30696.75;30704.5;518
20260603 063900;30704.75;30707;30701;30706.5;424
20260603 064000;30706.25;30711;30705.5;30708.5;341
20260603 064100;30709;30714.75;30707.75;30713.25;634
20260603 064200;30713.5;30714;30708.5;30713;493
20260603 064300;30713;30717.75;30712.25;30717.25;465
20260603 064400;30716.75;30718.75;30692.75;30711.25;2699
20260603 064500;30711;30712.75;30704.25;30705.75;572
20260603 064600;30705.5;30708.25;30689.75;30693.25;1140
20260603 064700;30694;30699.75;30692.5;30697;520
20260603 064800;30697;30699.5;30689.25;30698.5;785
20260603 064900;30698;30701;30693.5;30700;428
20260603 065000;30700;30700.75;30692.75;30693.25;367
20260603 065100;30693.25;30698.25;30692.25;30696.5;280
20260603 065200;30695.75;30701;30692;30698.25;398
20260603 065300;30698.25;30699.5;30695;30695.75;193
20260603 065400;30696;30696.25;30692;30693.25;326
20260603 065500;30693;30696;30689.25;30691;315
20260603 065600;30691.5;30693.5;30688.25;30692.5;257
20260603 065700;30692.25;30696.25;30691.75;30695.25;134
20260603 065800;30696.25;30697.25;30692.5;30693;235
20260603 065900;30694.25;30696;30693.5;30695.25;123
20260603 070000;30694.75;30698.75;30694.25;30698.75;171
20260603 070100;30698;30702;30692;30698.5;779
20260603 070200;30698.5;30699.75;30690.25;30696.75;550
20260603 070300;30697.75;30698.75;30690;30692;444
20260603 070400;30691.75;30692.25;30687.25;30689.25;368
20260603 070500;30690.5;30698.75;30688.75;30698.25;357
20260603 070600;30698.25;30711.25;30697.75;30711;1086
20260603 070700;30711.25;30714;30707.5;30709.75;884
20260603 070800;30709.5;30716.75;30706.75;30715;537
20260603 070900;30715;30719.75;30714.25;30718.5;634
20260603 071000;30718.25;30719.25;30712.75;30717.25;677
20260603 071100;30716.5;30730.25;30713.5;30729.75;1593
20260603 071200;30729.5;30737.75;30723.75;30735.5;1451
20260603 071300;30735;30740;30733.5;30736.75;757
20260603 071400;30737.5;30739;30730.75;30731;523
20260603 071500;30731.25;30732.25;30726.25;30729.75;488
20260603 071600;30729.5;30731.75;30721;30728;676
20260603 071700;30727.5;30733.25;30726.25;30731.25;289
20260603 071800;30732;30734;30728.25;30730.75;381
20260603 071900;30730.5;30738;30729.25;30733;455
20260603 072000;30733.5;30735.25;30730.25;30730.5;261
20260603 072100;30730.5;30730.75;30721.5;30726;599
20260603 072200;30725.25;30725.25;30713.5;30713.75;788
20260603 072300;30713.75;30721.25;30713.75;30717.25;319
20260603 072400;30717.25;30717.75;30710.75;30711.5;444
20260603 072500;30710.75;30716.25;30708;30712;447
20260603 072600;30711.5;30718.5;30707.75;30717.25;551
20260603 072700;30717.75;30718.25;30707.5;30709.5;376
20260603 072800;30709.5;30710.5;30704.25;30709;551
20260603 072900;30708.5;30714;30708;30709.25;322
20260603 073000;30709.75;30714.25;30706.5;30707;300
20260603 073100;30706.75;30719.75;30706.75;30716.75;708
20260603 073200;30717.25;30717.25;30710;30714;366
20260603 073300;30714.75;30715.25;30697.25;30698.25;1018
20260603 073400;30698.5;30701.5;30694.75;30698.25;872
20260603 073500;30698;30702.5;30696.25;30699.5;521
20260603 073600;30699.75;30704;30691.75;30703.5;1061
20260603 073700;30702.75;30704.25;30698.75;30700.5;382
20260603 073800;30699.75;30706.25;30699.5;30704;429
20260603 073900;30703.75;30708.25;30699.5;30707.75;565
20260603 074000;30708;30709.5;30695.75;30699;543
20260603 074100;30699.25;30702.25;30693.25;30694.5;417
20260603 074200;30694.25;30696.25;30687.75;30690.75;858
20260603 074300;30690.25;30694.75;30686.25;30691.25;514
20260603 074400;30692;30700;30687.5;30696.5;599
20260603 074500;30696.25;30705;30694.5;30703;842
20260603 074600;30703.75;30706.25;30702;30705.5;358
20260603 074700;30705.75;30706.5;30700;30702;359
20260603 074800;30702.25;30707.25;30702.25;30707;255
20260603 074900;30707;30710.75;30703;30703.5;381
20260603 075000;30704;30707.25;30697;30705.75;577
20260603 075100;30706.25;30712.5;30699.5;30705.75;753
20260603 075200;30706;30713.75;30704.25;30713.75;607
20260603 075300;30713.5;30718;30712;30717.5;480
20260603 075400;30717.5;30720;30713;30716.25;348
20260603 075500;30716.25;30721.25;30715.75;30717;412
20260603 075600;30717.25;30720.5;30714.5;30716;259
20260603 075700;30716.5;30718.25;30711.5;30718.25;409
20260603 075800;30718;30719.25;30714.5;30715.25;191
20260603 075900;30715.5;30718.5;30714.25;30718;167
20260603 080000;30718.25;30723;30717.25;30722.5;293
20260603 080100;30722.5;30723;30701;30708.75;1161
20260603 080200;30708.75;30714;30705.5;30711;664
20260603 080300;30709.25;30712;30702;30706;580
20260603 080400;30706.75;30716;30705;30715.5;443
20260603 080500;30715.25;30726.25;30715;30726.25;1012
20260603 080600;30726.25;30729.25;30710.5;30722;2069
20260603 080700;30721.75;30727.25;30721.5;30723;489
20260603 080800;30723;30731.75;30716.5;30729.25;674
20260603 080900;30729.75;30731.25;30725.75;30728.25;479
20260603 081000;30728;30733;30724.75;30727.25;387
20260603 081100;30727;30730;30725;30727.75;260
20260603 081200;30727.75;30747.5;30727;30744.5;1500
20260603 081300;30745;30746.5;30742;30744.75;649
20260603 081400;30745;30751.5;30741.25;30748;954
20260603 081500;30747.75;30748;30734.5;30734.5;618
20260603 081600;30735.25;30742.25;30735;30737.5;619
20260603 081700;30737.5;30740;30729;30733.5;587
20260603 081800;30733.5;30736.75;30726.25;30728.75;670
20260603 081900;30729.25;30736.75;30728.5;30736;596
20260603 082000;30735.5;30737.25;30732.25;30732.75;447
20260603 082100;30732.25;30733.5;30716.75;30720.75;1104
20260603 082200;30720;30722.25;30708;30709;1060
20260603 082300;30708.25;30711.5;30701.25;30707.75;1010
20260603 082400;30707.75;30712.5;30705;30707.25;638
20260603 082500;30707.25;30710.75;30703.5;30708.75;452
20260603 082600;30709.25;30718;30706.25;30717;760
20260603 082700;30716.25;30723;30715.75;30720.75;620
20260603 082800;30721.25;30727;30721.25;30726.5;472
20260603 082900;30727;30740;30724.25;30739.25;768
20260603 083000;30739.5;30739.5;30730.25;30738.25;700
20260603 083100;30738.5;30739.25;30732.25;30733.75;460
20260603 083200;30732.75;30735;30723.75;30732.5;624
20260603 083300;30733.75;30741.5;30731.5;30736.75;577
20260603 083400;30736.25;30741.5;30733;30734.25;516
20260603 083500;30734;30735.75;30728.75;30734.25;549
20260603 083600;30734.75;30735;30728;30730;332
20260603 083700;30729.75;30730.5;30719;30724;756
20260603 083800;30724.25;30725.25;30720.5;30721.5;341
20260603 083900;30721.5;30722.75;30711.25;30712.25;599
20260603 084000;30712.25;30717;30712.25;30714.25;447
20260603 084100;30714.25;30719.75;30713.75;30717.25;456
20260603 084200;30718;30719.5;30714;30715.5;268
20260603 084300;30715.5;30717.75;30712.25;30713.5;272
20260603 084400;30712.75;30722.25;30709;30717.5;715
20260603 084500;30717;30719.5;30713.5;30716.75;320
20260603 084600;30717;30719.75;30712.75;30718;254
20260603 084700;30718;30719;30710.25;30717;473
20260603 084800;30717.75;30722.25;30716.75;30720.75;340
20260603 084900;30720.25;30726.25;30716;30720.25;786
20260603 085000;30720;30720.75;30715.5;30718;312
20260603 085100;30718.5;30722.25;30717.75;30719.75;165
20260603 085200;30720;30720.25;30706.75;30707.75;624
20260603 085300;30707.75;30713.25;30706.75;30711.5;250
20260603 085400;30712;30713.75;30711.25;30713.75;240
20260603 085500;30714.25;30714.25;30708.25;30713.25;235
20260603 085600;30713;30714.75;30709.75;30711.5;263
20260603 085700;30711.5;30713.75;30710;30712.5;125
20260603 085800;30712.5;30716.75;30712.25;30716.25;259
20260603 085900;30715.25;30718.5;30713.75;30714.25;244
20260603 090000;30714.5;30718;30712.75;30717;243
20260603 090100;30717;30720.25;30712.5;30716.5;400
20260603 090200;30717;30721;30716;30719.5;206
20260603 090300;30718.75;30720.5;30711.5;30712.5;365
20260603 090400;30712.25;30717.25;30712.25;30717;187
20260603 090500;30717;30721.25;30715.25;30719.5;330
20260603 090600;30719.75;30724.75;30719.25;30723.25;453
20260603 090700;30723.75;30724.25;30720.25;30722;181
20260603 090800;30722.25;30730.5;30717.25;30729.5;533
20260603 090900;30729.25;30741;30727.25;30739.75;1038
20260603 091000;30740.25;30747.5;30739.25;30747.25;818
20260603 091100;30747.25;30747.75;30743.25;30746.25;534
20260603 091200;30746.5;30750.75;30745.25;30750;653
20260603 091300;30750;30750.5;30745.5;30747;530
20260603 091400;30747;30749;30741.5;30742;478
20260603 091500;30742.5;30744.5;30737.75;30742;677
20260603 091600;30742;30745.25;30735;30738.75;600
20260603 091700;30739;30752;30738.25;30750;592
20260603 091800;30750.75;30757;30749.25;30751.5;1019
20260603 091900;30751.25;30751.75;30741;30743;538
20260603 092000;30742.75;30753;30742.75;30749;628
20260603 092100;30749;30755.5;30748.5;30753.75;598
20260603 092200;30754.25;30755.5;30750.75;30755.25;418
20260603 092300;30755.25;30768;30750.75;30751.5;1873
20260603 092400;30752;30757;30747.75;30754.75;552
20260603 092500;30753.75;30753.75;30739.25;30740;999
20260603 092600;30739.5;30745;30739;30745;482
20260603 092700;30745;30752;30743.75;30749.75;542
20260603 092800;30749.75;30764.75;30749.25;30762.75;820
20260603 092900;30762.75;30768;30760.5;30765.5;660
20260603 093000;30766;30772.25;30762;30766.5;854
20260603 093100;30766.5;30769.75;30759.75;30760.5;799
20260603 093200;30760.5;30763.5;30756.5;30760.75;525
20260603 093300;30760;30763;30754;30760.25;515
20260603 093400;30760.75;30766.75;30760.25;30762.5;511
20260603 093500;30762.5;30763.25;30755;30755;350
20260603 093600;30755;30760.5;30752.75;30755.75;580
20260603 093700;30755.5;30757;30748.25;30748.5;469
20260603 093800;30748.5;30760.25;30748.5;30757.25;431
20260603 093900;30758;30760.5;30753.5;30756.25;334
20260603 094000;30756.25;30764.25;30756.25;30761.75;461
20260603 094100;30761.75;30762;30755.25;30756;470
20260603 094200;30755.5;30758.25;30749.25;30757.75;464
20260603 094300;30758;30760.75;30755.5;30757.75;251
20260603 094400;30758;30761;30753.5;30760.75;296
20260603 094500;30760.25;30765;30759.75;30764;528
20260603 094600;30762.5;30764.25;30756;30756.5;568
20260603 094700;30756;30758.5;30748.5;30750.75;530
20260603 094800;30750.75;30753.5;30745.75;30745.75;810
20260603 094900;30746.25;30748;30737;30739.25;862
20260603 095000;30739.25;30747.75;30738.75;30747;637
20260603 095100;30746.75;30758.25;30746;30754.5;715
20260603 095200;30754.5;30756.5;30746;30750.5;445
20260603 095300;30751;30751;30745.25;30747.25;287
20260603 095400;30747.5;30752;30745;30750.5;315
20260603 095500;30750;30751.25;30742.75;30744.75;452
20260603 095600;30744;30755.5;30743;30755;632
20260603 095700;30754.75;30756.5;30751;30753;407
20260603 095800;30753.75;30754;30744.5;30745.5;284
20260603 095900;30745.5;30746;30736.5;30737;727
20260603 100000;30737;30737.75;30731;30734;723
20260603 100100;30734.5;30737;30726.75;30728;900
20260603 100200;30728.25;30729.25;30724.25;30725.25;699
20260603 100300;30725;30730.25;30724;30726;482
20260603 100400;30725.5;30726.5;30719;30722.5;757
20260603 100500;30721.75;30726.75;30715.75;30717.75;715
20260603 100600;30717;30748.25;30716.5;30745.5;2061
20260603 100700;30745.5;30766;30743.75;30753.25;3805
20260603 100800;30753.75;30779.5;30753.75;30771.25;3476
20260603 100900;30771.5;30785.5;30761;30766.75;3681
20260603 101000;30767;30767;30753.25;30760.75;1844
20260603 101100;30759.75;30766;30755.75;30758.25;1185
20260603 101200;30758.75;30759.25;30752.5;30759;977
20260603 101300;30759.5;30760.5;30748;30750.75;1053
20260603 101400;30750.5;30763.5;30749.25;30761.25;813
20260603 101500;30760.75;30764.5;30758;30759.25;433
20260603 101600;30759.5;30759.75;30752.75;30753.5;600
20260603 101700;30753.5;30756.75;30748;30748.75;485
20260603 101800;30748;30752.5;30742;30742.25;825
20260603 101900;30742.75;30751.75;30741;30748;660
20260603 102000;30748.25;30749.25;30744.5;30746;253
20260603 102100;30746.75;30750.5;30742.5;30745.25;666
20260603 102200;30745.25;30746;30738.5;30745.5;966
20260603 102300;30746.25;30747.75;30742.5;30746.75;413
20260603 102400;30746.75;30754;30746.5;30752;691
20260603 102500;30752.5;30755.5;30750.25;30753.5;450
20260603 102600;30753;30759.75;30752.5;30754;589
20260603 102700;30754.25;30754.75;30747.25;30748.25;612
20260603 102800;30748.75;30752;30747.25;30747.75;372
20260603 102900;30748.25;30758.5;30747.25;30756.75;516
20260603 103000;30757.25;30764.5;30755.25;30763.75;841
20260603 103100;30764.25;30766.25;30758;30765.25;625
20260603 103200;30765;30768.5;30762;30766.25;475
20260603 103300;30766.25;30776.75;30765;30776.75;749
20260603 103400;30777;30782.5;30773.5;30781.25;1046
20260603 103500;30782;30783.5;30771;30772.5;840
20260603 103600;30772.5;30773;30762.75;30762.75;681
20260603 103700;30762.5;30766.75;30758.25;30765;767
20260603 103800;30765.75;30768;30762.5;30763.75;367
20260603 103900;30764;30767.25;30761.75;30765;464
20260603 104000;30764.25;30765.5;30761.25;30765.5;415
20260603 104100;30765.25;30766.25;30754.5;30754.75;552
20260603 104200;30754.75;30757.25;30752;30754.75;368
20260603 104300;30754.75;30755.75;30750;30752.75;351
20260603 104400;30753;30756.5;30750.75;30755.25;301
20260603 104500;30756.25;30758.5;30743.5;30744.5;1182
20260603 104600;30744.5;30751;30744.25;30749.75;658
20260603 104700;30748.5;30752;30747.5;30750.75;229
20260603 104800;30750;30754.25;30746;30753.25;494
20260603 104900;30752.5;30756.75;30751.75;30756.5;476
20260603 105000;30756.5;30757.75;30752.25;30754.25;329
20260603 105100;30754.5;30756.25;30751.75;30752.25;404
20260603 105200;30752.25;30756.25;30750.25;30755.25;289
20260603 105300;30755;30758;30752.25;30752.5;300
20260603 105400;30753;30753.5;30748.5;30750.75;341
20260603 105500;30750.25;30755.75;30746;30754.75;764
20260603 105600;30754.75;30762.25;30753.75;30760;787
20260603 105700;30760;30764;30758.75;30764;352
20260603 105800;30764.25;30764.5;30757;30758.25;370
20260603 105900;30759;30762.75;30757.25;30757.25;339
20260603 110000;30757.75;30758.5;30752.25;30754;619
20260603 110100;30754;30773;30753;30770.5;1380
20260603 110200;30770.25;30775;30768.5;30774.75;994
20260603 110300;30774.25;30779.25;30773.75;30778.75;831
20260603 110400;30778.25;30778.25;30771.25;30774.25;545
20260603 110500;30773.5;30777;30770.5;30776.5;426
20260603 110600;30776.75;30781.75;30773.75;30774.5;730
20260603 110700;30774;30774.5;30766;30768.25;720
20260603 110800;30768;30772.5;30767.75;30768.5;441
20260603 110900;30768.75;30771.5;30764;30765;519
20260603 111000;30765.25;30770;30762;30767;577
20260603 111100;30767.25;30776;30766.75;30774.25;641
20260603 111200;30774.25;30775.75;30770.5;30774;499
20260603 111300;30774.75;30780.25;30772.75;30778;449
20260603 111400;30778.5;30781.5;30773.75;30775.75;629
20260603 111500;30775.5;30778;30772.75;30774.25;389
20260603 111600;30774;30776.5;30771;30775.75;361
20260603 111700;30775.25;30776.75;30772.5;30774.5;329
20260603 111800;30774.75;30775.25;30765.75;30768.5;627
20260603 111900;30769;30772.5;30769;30772;305
20260603 112000;30771.75;30775.25;30767.25;30775;406
20260603 112100;30774.5;30778;30773.75;30776;485
20260603 112200;30775.75;30776;30765;30767.75;649
20260603 112300;30768.25;30771;30766.25;30767.25;354
20260603 112400;30767;30773.5;30766.25;30771.75;374
20260603 112500;30772;30773;30769;30772;296
20260603 112600;30772;30776;30766.75;30776;538
20260603 112700;30775.75;30775.75;30770.5;30773;450
20260603 112800;30772.75;30776.75;30766.75;30773.5;650
20260603 112900;30773.5;30785.75;30773.5;30780.75;1463
20260603 113000;30780.75;30781.5;30776;30776;464
20260603 113100;30776.25;30780.5;30775.5;30779.75;396
20260603 113200;30779.75;30792;30779;30789.25;1508
20260603 113300;30789;30794;30787.75;30789.5;845
20260603 113400;30789.5;30791.25;30781;30784.25;931
20260603 113500;30785.25;30788.75;30780;30780.75;644
20260603 113600;30781;30784.75;30775.75;30777.75;687
20260603 113700;30778;30783.75;30775.5;30777.25;518
20260603 113800;30777.25;30779;30774;30775.5;502
20260603 113900;30775.25;30781.25;30770.5;30781;715
20260603 114000;30781.25;30785.5;30780.25;30781;658
20260603 114100;30781;30781.75;30774.75;30776;437
20260603 114200;30775.75;30780.25;30774.5;30777.5;277
20260603 114300;30777.75;30779.5;30774.5;30778.75;237
20260603 114400;30779.25;30780;30774.25;30776.25;414
20260603 114500;30776.25;30777.25;30768.75;30773;698
20260603 114600;30773.25;30773.5;30766.5;30769.75;728
20260603 114700;30770;30774;30767.75;30772;530
20260603 114800;30771.75;30776.25;30769.5;30773.75;424
20260603 114900;30773.25;30774.25;30768.75;30770;462
20260603 115000;30769.75;30772;30769.25;30772;325
20260603 115100;30771.75;30773.75;30767;30773.75;452
20260603 115200;30773.5;30781.25;30772.75;30781;816
20260603 115300;30780.25;30782.25;30776.5;30777.75;528
20260603 115400;30777.75;30779;30772.75;30778.5;435
20260603 115500;30779;30782;30777.5;30778;391
20260603 115600;30778.25;30783.5;30777;30783;513
20260603 115700;30783;30786.25;30778;30785.5;732
20260603 115800;30785.75;30787.75;30783.5;30785.25;511
20260603 115900;30785;30790;30783.75;30788;633
20260603 120000;30787.75;30788;30778.25;30780;896
20260603 120100;30780.25;30781;30772.5;30775.5;1170
20260603 120200;30775.75;30778;30774.5;30776.5;408
20260603 120300;30776.5;30792;30776;30789;1028
20260603 120400;30789.25;30792.5;30786.25;30788.5;1225
20260603 120500;30788.5;30797;30787.5;30793.5;1165
20260603 120600;30792.75;30794;30788.75;30794;754
20260603 120700;30794;30796.5;30789;30795.5;617
20260603 120800;30795.5;30797.5;30789.25;30789.75;519
20260603 120900;30790.25;30790.25;30783.75;30784.5;680
20260603 121000;30785;30792.75;30785;30790;607
20260603 121100;30790.25;30796.25;30788.5;30795.25;561
20260603 121200;30795.25;30797;30791.75;30795;666
20260603 121300;30794.75;30794.75;30788.5;30790.5;452
20260603 121400;30789;30793.75;30788;30793.5;334
20260603 121500;30793.5;30796;30790.75;30791.25;362
20260603 121600;30791.25;30791.75;30773.75;30774.25;1371
20260603 121700;30774.25;30777;30760.25;30761.25;1767
20260603 121800;30761.25;30767.5;30760;30765.25;1350
20260603 121900;30765;30767.25;30760;30761;918
20260603 122000;30761.25;30766.75;30758.25;30765;932
20260603 122100;30764.75;30772;30764;30768.75;1341
20260603 122200;30768.5;30770.75;30764.25;30769.5;748
20260603 122300;30769.5;30770.25;30763.25;30769;786
20260603 122400;30768.5;30770.5;30767;30768.75;439
20260603 122500;30769.25;30775;30767;30767.75;996
20260603 122600;30767.25;30769;30762.5;30764.75;764
20260603 122700;30765;30769.25;30760.75;30763;693
20260603 122800;30762.75;30762.75;30756;30757.75;1230
20260603 122900;30757.5;30760;30754;30758;980
20260603 123000;30757.25;30760.75;30754;30754;662
20260603 123100;30754.25;30755.5;30740.75;30743.75;2394
20260603 123200;30743.5;30747.5;30728.25;30738.5;2780
20260603 123300;30737.75;30744;30737;30737.5;1266
20260603 123400;30737.75;30738;30726;30726;1627
20260603 123500;30726;30735.5;30726;30731;1329
20260603 123600;30730.5;30736.5;30727.25;30730.75;1296
20260603 123700;30730.25;30733.5;30721;30723;1388
20260603 123800;30722.25;30724;30716;30716.5;1580
20260603 123900;30716.5;30723.25;30711;30712.5;2041
20260603 124000;30712.5;30714.25;30703.75;30708.25;2390
20260603 124100;30708.25;30720.75;30705.5;30720.5;2358
20260603 124200;30720.75;30722.25;30715.25;30718.75;1593
20260603 124300;30719;30725.25;30714.75;30718.25;1841
20260603 124400;30719;30724.25;30713.75;30724;1239
20260603 124500;30724.25;30729;30722.75;30726.75;1633
20260603 124600;30726.5;30727.25;30721.5;30726.75;983
20260603 124700;30727;30731.25;30725.5;30728;1265
20260603 124800;30729;30731;30723.25;30729;991
20260603 124900;30729.25;30731.5;30718.75;30729.25;1669
20260603 125000;30729.5;30733.75;30727.5;30728.25;1158
20260603 125100;30728;30733.75;30727.25;30729.25;1027
20260603 125200;30729.5;30733.75;30724.25;30733.75;1009
20260603 125300;30733.5;30734.75;30729.75;30732.25;795
20260603 125400;30732.25;30733.75;30721.5;30724;1464
20260603 125500;30723.75;30723.75;30711.5;30714;2027
20260603 125600;30712.5;30713;30699.25;30707.25;3009
20260603 125700;30707.25;30714.75;30705.5;30714;1957
20260603 125800;30714.25;30720;30711.25;30717.25;1141
20260603 125900;30717.25;30720.25;30713.5;30717.25;1110
20260603 130000;30717.5;30720.75;30714.5;30717.5;768
20260603 130100;30717.5;30720.25;30713;30717;1515
20260603 130200;30716.75;30723.5;30716.75;30720.25;1339
20260603 130300;30720.75;30726.25;30720.25;30725.5;1107
20260603 130400;30725.5;30731;30724.75;30730.5;1217
20260603 130500;30730;30732.5;30726.5;30730.5;1295
20260603 130600;30730.75;30732.75;30724.25;30732.5;1094
20260603 130700;30732.25;30733.75;30726.75;30730.75;1018
20260603 130800;30731;30731;30715.5;30718;2186
20260603 130900;30718.5;30731.25;30718.25;30730.5;1454
20260603 131000;30730.25;30738;30730.25;30736.25;2195
20260603 131100;30737.25;30742.25;30731.5;30735.75;2143
20260603 131200;30735.75;30739.25;30733.25;30736.25;1061
20260603 131300;30736.75;30738.5;30725.5;30726.5;1751
20260603 131400;30726;30733.75;30724.75;30732.5;963
20260603 131500;30733;30737.75;30729.25;30730.5;1078
20260603 131600;30730.25;30736.75;30728.5;30736;878
20260603 131700;30735.75;30741.75;30735.75;30740.25;1230
20260603 131800;30740.75;30743.75;30736;30740.5;1237
20260603 131900;30741.25;30741.5;30733;30737.25;1297
20260603 132000;30736.5;30745;30736.5;30743.5;1217
20260603 132100;30743.5;30747.5;30737.75;30740;1431
20260603 132200;30740.25;30752.5;30739.25;30749.25;1956
20260603 132300;30749;30756.5;30747.5;30751.75;1895
20260603 132400;30751.5;30753.25;30745;30747.25;1274
20260603 132500;30747.5;30753.75;30744;30753.75;1048
20260603 132600;30753.5;30760;30748.5;30756;2302
20260603 132700;30756;30756;30749;30752;1885
20260603 132800;30752;30754.75;30740;30741.25;2675
20260603 132900;30741.5;30750.75;30737.75;30743.75;2795
20260603 133000;30743.5;30769;30738.75;30753.75;4617
20260603 133100;30754.25;30793;30754;30766.75;15409
20260603 133200;30767.25;30803;30767;30797.25;14599
20260603 133300;30797;30807.75;30782.75;30793;11986
20260603 133400;30793;30794.75;30761.25;30764;10332
20260603 133500;30764.5;30764.5;30714;30714.25;16855
20260603 133600;30715;30715.25;30677.5;30680;16836
20260603 133700;30680;30694.25;30672.75;30687;12642
20260603 133800;30686.75;30700;30666.75;30667;13121
20260603 133900;30667.5;30723;30666.5;30721.5;15632
20260603 134000;30721.5;30735.5;30706;30734.5;12493
20260603 134100;30734.75;30735;30694;30724.25;14729
20260603 134200;30724.5;30737.25;30706.25;30716;11545
20260603 134300;30716.5;30718.75;30683;30683.75;10080
20260603 134400;30684;30690.25;30668.75;30669.75;8349
20260603 134500;30670.25;30675;30622.75;30625;13296
20260603 134600;30625.5;30649.25;30603.75;30604.5;14240
20260603 134700;30603.75;30604;30571.75;30572.25;14778
20260603 134800;30572.5;30584.25;30543.75;30545.25;15758
20260603 134900;30545.5;30562;30510.5;30512.25;16381
20260603 135000;30512.75;30547.75;30506.25;30525;15617
20260603 135100;30524.25;30557.25;30495.5;30554.5;18999
20260603 135200;30554.5;30585.75;30550.25;30584.75;16980
20260603 135300;30584.5;30621.5;30572.75;30618;17589
20260603 135400;30617.25;30625;30593.75;30618.75;12993
20260603 135500;30619;30620.75;30571.25;30572.5;13060
20260603 135600;30572.75;30601;30564;30587.25;13895
20260603 135700;30587.75;30593;30567;30568;7568
20260603 135800;30567.75;30574.75;30552;30559.25;8317
20260603 135900;30560;30571.75;30544.25;30568;6618
20260603 140000;30568.25;30593.5;30548.25;30558.5;7854
20260603 140100;30562.25;30612.5;30531.75;30609.75;12641
20260603 140200;30610;30618;30585.75;30611.25;9011
20260603 140300;30611.5;30641.75;30594.5;30631.75;11496
20260603 140400;30631.25;30644.25;30626;30627.5;8656
20260603 140500;30627;30639.5;30619;30621;6594
20260603 140600;30622;30636.5;30618.25;30624.75;6052
20260603 140700;30624.25;30648;30602.5;30636;11362
20260603 140800;30636.25;30638.5;30597.5;30605.25;8622
20260603 140900;30605.25;30642.5;30603;30642;7264
20260603 141000;30642;30650;30626;30635.75;8571
20260603 141100;30636.25;30648.75;30632;30645.75;5341
20260603 141200;30645.75;30664;30644.75;30657.5;8587
20260603 141300;30658;30677.5;30657.75;30670.5;9040
20260603 141400;30670.75;30674.5;30662.5;30669.5;5414
20260603 141500;30669;30688.25;30665.5;30687.25;6411
20260603 141600;30687.5;30704;30683.5;30693.5;12938
20260603 141700;30693.75;30703;30680.75;30697.5;7515
20260603 141800;30696.75;30702;30677.75;30701.25;6325
20260603 141900;30701.25;30706.25;30685.25;30699.25;7265
20260603 142000;30700;30705.5;30667;30677.25;9807
20260603 142100;30677.25;30702.75;30667.5;30699.75;10209
20260603 142200;30699.75;30700.75;30672.25;30673.75;6418
20260603 142300;30673.5;30712;30667.25;30702.5;8998
20260603 142400;30702.75;30706;30661;30668.5;8857
20260603 142500;30668;30690;30666.5;30676;5734
20260603 142600;30676.75;30684.75;30665;30682.25;5574
20260603 142700;30682.5;30702.25;30680.75;30694.25;6407
20260603 142800;30694;30694.25;30681.5;30690.5;4181
20260603 142900;30689.5;30699.5;30687.5;30688.25;3200
20260603 143000;30688;30724.75;30687.25;30722.75;8867
20260603 143100;30722.75;30728;30710;30715.5;8976
20260603 143200;30715.5;30724.25;30705;30718.75;7230
20260603 143300;30718.75;30720;30706;30717;3673
20260603 143400;30717;30724;30708.75;30717.5;3680
20260603 143500;30717.75;30720.75;30691.25;30705.75;6464
20260603 143600;30705.5;30712.75;30685.25;30687.75;6020
20260603 143700;30687.75;30693.5;30666.75;30674.5;8189
20260603 143800;30674.5;30714.5;30669.75;30713.5;8195
20260603 143900;30714;30716;30705.5;30713.5;5164
20260603 144000;30713;30718;30701.5;30711.25;4093
20260603 144100;30712.5;30725.75;30708;30720.5;5268
20260603 144200;30720.5;30726;30711.75;30718.5;3845
20260603 144300;30718;30722.25;30709.5;30719.25;3005
20260603 144400;30719;30739.5;30718.75;30728;8488
20260603 144500;30728;30729.75;30697;30701.25;7201
20260603 144600;30701;30714.25;30700;30703.5;5945
20260603 144700;30703.5;30719.25;30703;30708;4118
20260603 144800;30707.5;30722.75;30694.5;30706;5686
20260603 144900;30706;30709.5;30686;30688;6239
20260603 145000;30688.25;30694.25;30673.5;30680.75;6579
20260603 145100;30680.75;30682.75;30655.5;30657.75;8862
20260603 145200;30658;30699.25;30657.75;30697.5;9396
20260603 145300;30697.75;30698.25;30677.25;30680.75;5947
20260603 145400;30680.75;30694.25;30674;30692;5031
20260603 145500;30691.75;30699.25;30679.25;30684.5;4234
20260603 145600;30684.5;30687;30673.75;30676;2716
20260603 145700;30676;30681.25;30665;30667.25;5024
20260603 145800;30667.75;30671.25;30647.5;30650.75;6835
20260603 145900;30650.75;30657.75;30645;30653.5;5261
20260603 150000;30653.75;30667.75;30645.25;30667;5421
20260603 150100;30667.25;30695.5;30664.25;30680;9431
20260603 150200;30679.75;30697.5;30676.25;30689.75;4927
20260603 150300;30689.75;30693.75;30677.25;30693;4014
20260603 150400;30693;30705;30686;30704.25;4069
20260603 150500;30704.25;30708;30693.5;30694;4730
20260603 150600;30694.5;30696;30678.25;30682.25;4692
20260603 150700;30681.75;30693.25;30679.75;30686.75;3209
20260603 150800;30686.5;30689.5;30672;30674.75;4129
20260603 150900;30674.75;30696.5;30672.5;30693.5;3809
20260603 151000;30693.75;30698.5;30682;30684.25;3661
20260603 151100;30684.5;30712;30681;30711;5106
20260603 151200;30711.25;30715.75;30693.5;30694.75;4949
20260603 151300;30694.75;30707.25;30682.75;30687.5;5515
20260603 151400;30687.5;30699.25;30686;30692.25;2461
20260603 151500;30693;30696.75;30688;30692.75;1890
20260603 151600;30692.5;30698.75;30673.75;30679;4160
20260603 151700;30679.5;30698;30678.75;30692.25;4598
20260603 151800;30692.5;30696.25;30676.25;30678.25;3122
20260603 151900;30678.5;30682.75;30668.25;30674.25;3962
20260603 152000;30674.25;30685;30670.25;30681;3110
20260603 152100;30680.75;30693.75;30674.75;30676.75;4316
20260603 152200;30677.25;30677.75;30657.25;30667.25;5537
20260603 152300;30667.5;30672.75;30632.25;30632.5;7863
20260603 152400;30632.75;30637.25;30626.75;30634.25;6415
20260603 152500;30634.25;30645;30624;30635.5;7939
20260603 152600;30635.75;30636.25;30615;30617.5;6261
20260603 152700;30617.5;30633.5;30615.75;30623;5111
20260603 152800;30622.5;30653.75;30621.5;30652.25;6308
20260603 152900;30652.25;30662.75;30627.25;30655.75;7167
20260603 153000;30655.75;30672.5;30652.5;30668;5196
20260603 153100;30668;30688;30660.25;30685.5;7494
20260603 153200;30686;30687.25;30678.25;30687;3648
20260603 153300;30686.5;30692;30675.75;30679.25;4348
20260603 153400;30678.75;30686.5;30663.75;30664;4614
20260603 153500;30664;30666.5;30631.5;30639.5;8981
20260603 153600;30640;30649.5;30634.25;30647.25;4598
20260603 153700;30647.25;30662;30643.75;30656.25;4842
20260603 153800;30656.5;30665.5;30620.5;30624.25;7794
20260603 153900;30624.75;30637.75;30616;30619;5857
20260603 154000;30619.5;30631;30617.5;30622.5;3456
20260603 154100;30623;30626;30610.25;30613.75;4903
20260603 154200;30613.75;30628.5;30610.25;30618.75;5419
20260603 154300;30619;30624;30608;30613.75;3362
20260603 154400;30613.75;30621;30602;30605.75;5714
20260603 154500;30606;30610.75;30599.25;30602.25;3989
20260603 154600;30602.25;30611;30587;30593.5;6963
20260603 154700;30593.25;30596;30572.25;30576;6217
20260603 154800;30575.75;30581.25;30568;30577.25;4956
20260603 154900;30577.25;30600;30576.75;30593;7094
20260603 155000;30592.75;30614.5;30587.5;30604.5;6532
20260603 155100;30604.5;30631.75;30602.25;30628;6632
20260603 155200;30628.25;30628.5;30613.25;30616;3857
20260603 155300;30615;30623.75;30591.25;30607;7182
20260603 155400;30607;30613;30601.75;30607.25;2768
20260603 155500;30607;30614.5;30602.25;30610.25;2292
20260603 155600;30610;30624.5;30598.5;30623.75;3889
20260603 155700;30623.75;30624.5;30602.5;30605.25;3497
20260603 155800;30605.5;30607.5;30595.5;30597.75;2690
20260603 155900;30598;30612;30596;30609.25;2804
20260603 160000;30609.25;30619.25;30603.5;30604.5;3320
20260603 160100;30604.5;30622;30599.25;30603.25;4123
20260603 160200;30603;30603;30581.75;30587.25;5624
20260603 160300;30587.25;30589;30579.25;30585.75;3054
20260603 160400;30585.5;30604;30583;30596.25;3794
20260603 160500;30596.25;30606.25;30590.25;30604;2713
20260603 160600;30603.75;30613.5;30599.25;30606.75;3502
20260603 160700;30607.25;30610.25;30593.25;30598.5;3174
20260603 160800;30598.5;30599.5;30583;30585.5;3242
20260603 160900;30585.5;30596.75;30578.75;30591.75;3626
20260603 161000;30591.75;30600.75;30589.25;30592.25;2631
20260603 161100;30592.25;30609.75;30588.75;30609.75;2737
20260603 161200;30609.75;30613.5;30604.5;30612;2829
20260603 161300;30611.75;30623.25;30611;30620.75;3658
20260603 161400;30620.5;30622.75;30612.25;30614.5;2036
20260603 161500;30614.5;30620.75;30608.75;30611.75;2543
20260603 161600;30612;30612;30593.25;30608.25;4414
20260603 161700;30608;30609;30596.75;30606.75;2041
20260603 161800;30606.5;30611.25;30585.75;30589.5;4257
20260603 161900;30589.5;30590.5;30566.75;30570.75;6549
20260603 162000;30570.25;30591.5;30565.25;30590;5203
20260603 162100;30590.25;30594.75;30578;30580;3557
20260603 162200;30580;30584;30575.5;30584;2669
20260603 162300;30583.5;30598.75;30581.25;30594.5;3433
20260603 162400;30595;30595;30566.25;30571.5;4994
20260603 162500;30571.5;30571.5;30547.25;30549;6097
20260603 162600;30548.25;30554.75;30536;30554.25;7245
20260603 162700;30554.5;30557.75;30542.25;30543.5;4211
20260603 162800;30543.25;30550.25;30530.75;30550.25;6417
20260603 162900;30550;30557;30537.5;30540.25;4230
20260603 163000;30540.25;30554.5;30540;30552.75;3578
20260603 163100;30552.75;30570.75;30546;30562.75;6217
20260603 163200;30562.5;30576.75;30555.5;30558.5;4589
20260603 163300;30558.75;30578.75;30558.75;30577.25;3285
20260603 163400;30577.25;30578.5;30557.5;30565.5;3269
20260603 163500;30565;30569.25;30559;30564;2618
20260603 163600;30563.5;30563.75;30536.25;30538.5;4288
20260603 163700;30538.75;30545.25;30532;30539.5;4090
20260603 163800;30539.25;30550.5;30532.5;30539.25;4285
20260603 163900;30539.25;30553.25;30535.75;30543;3365
20260603 164000;30544;30544.75;30527.75;30535.25;3593
20260603 164100;30535;30548;30533;30535.5;3676
20260603 164200;30535;30535.75;30509.25;30511.5;7634
20260603 164300;30511.5;30516.75;30506.5;30511.5;3627
20260603 164400;30510.75;30528;30505.5;30521.75;4607
20260603 164500;30521.25;30532;30513.25;30530.5;3643
20260603 164600;30530;30549.75;30530;30549.5;4512
20260603 164700;30549.5;30558;30537.5;30556.5;3526
20260603 164800;30556.5;30566;30554.25;30564.25;4526
20260603 164900;30564;30578.25;30560;30572.75;3667
20260603 165000;30572.75;30575.25;30565.5;30571.25;2567
20260603 165100;30571.75;30589.75;30571.5;30589.25;4368
20260603 165200;30589.75;30592.5;30574.5;30578;3626
20260603 165300;30578;30587.75;30563.5;30586.25;4495
20260603 165400;30585.75;30586.25;30562.75;30565.5;4044
20260603 165500;30566.25;30582.75;30565.75;30571.5;3316
20260603 165600;30571.5;30576;30564.25;30565.5;2850
20260603 165700;30565.75;30584;30562;30583.75;2639
20260603 165800;30583.5;30592;30581.75;30584.75;3540
20260603 165900;30584.75;30607.5;30580.75;30599.5;5851
20260603 170000;30599.25;30607.5;30597.25;30607;2893
20260603 170100;30607;30609.25;30590.75;30596.5;4066
20260603 170200;30595.75;30598;30584.5;30585.5;3181
20260603 170300;30585.75;30588.25;30572.25;30582;4054
20260603 170400;30581.5;30585;30569;30576.5;3050
20260603 170500;30576.5;30582.5;30568.5;30569.75;2741
20260603 170600;30570.25;30574.75;30562.75;30563.75;2277
20260603 170700;30564.25;30565.25;30548;30551.75;5491
20260603 170800;30551.25;30565;30545.75;30562.5;4007
20260603 170900;30562.5;30579;30558.75;30578.5;4678
20260603 171000;30578.75;30597;30574.75;30579.75;6075
20260603 171100;30579.75;30584.75;30570.75;30573.75;2467
20260603 171200;30573.25;30578;30565.5;30571.75;2227
20260603 171300;30572.25;30575;30550.75;30554;3919
20260603 171400;30554;30558.5;30538;30539.25;4551
20260603 171500;30539.5;30551.25;30533.75;30543.75;4625
20260603 171600;30544.25;30551.75;30540.75;30542.5;2482
20260603 171700;30542.5;30550;30537.5;30547.5;2275
20260603 171800;30547.5;30551;30530.75;30535;3739
20260603 171900;30535.25;30539.75;30518.5;30519.75;4425
20260603 172000;30520.25;30535.75;30519.25;30530.25;2538
20260603 172100;30530.5;30541;30530.5;30537.75;2501
20260603 172200;30537.25;30543.75;30531.5;30540.75;2479
20260603 172300;30541;30543.5;30521.75;30527.25;3015
20260603 172400;30527.75;30551;30525.75;30546;3414
20260603 172500;30546.25;30562.5;30544.75;30560.5;3438
20260603 172600;30560.5;30572.5;30560.25;30564.5;3867
20260603 172700;30564.25;30570.75;30563.5;30567.25;1565
20260603 172800;30567.25;30569.5;30562;30567;1731
20260603 172900;30567;30567.75;30552.5;30558.5;2978
20260603 173000;30558.75;30575.5;30558;30573;2899
20260603 173100;30573.25;30573.75;30544;30545.25;4639
20260603 173200;30545;30558.5;30544;30557.75;2622
20260603 173300;30557.25;30566.5;30549.25;30566.25;2441
20260603 173400;30566;30580.75;30565.5;30579;3907
20260603 173500;30579;30592.25;30572;30590.5;4084
20260603 173600;30591;30598.75;30580.75;30594.5;3392
20260603 173700;30595;30597.5;30591.5;30594.75;1889
20260603 173800;30594.75;30603.5;30591.5;30599;2636
20260603 173900;30599.25;30599.5;30584;30586;2861
20260603 174000;30585.75;30596;30583.5;30591.25;1931
20260603 174100;30591.5;30596.5;30586.75;30593.25;1687
20260603 174200;30593.75;30596.25;30582;30594;2240
20260603 174300;30594.5;30607.75;30593.75;30602.5;2684
20260603 174400;30602.25;30615;30601;30613.5;3088
20260603 174500;30613.25;30615.75;30609.5;30613.25;1771
20260603 174600;30613.75;30624;30611.5;30612.5;4032
20260603 174700;30612;30616.5;30604.25;30609.75;3014
20260603 174800;30610.25;30621.25;30609.75;30611;2708
20260603 174900;30611;30624;30610.25;30619;1864
20260603 175000;30619;30622.5;30612;30619;1734
20260603 175100;30618.75;30623;30614.25;30619.75;1645
20260603 175200;30619.75;30631.75;30618;30628.25;2925
20260603 175300;30628;30634.25;30624.75;30632;2320
20260603 175400;30632.25;30633.75;30626;30626.75;2049
20260603 175500;30626.5;30637.5;30622.5;30637;2547
20260603 175600;30637.5;30640.25;30635.25;30639;2157
20260603 175700;30639.25;30644;30637.75;30643.25;2025
20260603 175800;30643.5;30644;30635;30639;1851
20260603 175900;30639;30644.25;30632.75;30644;2531
20260603 180000;30644;30647.25;30639.5;30642.75;2368
20260603 180100;30643.25;30645;30634.75;30635;2975
20260603 180200;30635;30647.75;30634;30645.5;2528
20260603 180300;30645.25;30651.5;30641.25;30649;2709
20260603 180400;30649.25;30654;30640.5;30649.75;2335
20260603 180500;30649.25;30653.75;30645.25;30651.25;1909
20260603 180600;30651.75;30652;30644;30645.5;2160
20260603 180700;30645.75;30650.75;30635.5;30638.75;3098
20260603 180800;30639;30640.5;30633;30637.5;2124
20260603 180900;30637.25;30647;30636;30638;2780
20260603 181000;30637.5;30650;30637.5;30639.25;2521
20260603 181100;30638.5;30645;30633.5;30644;2608
20260603 181200;30643.25;30643.25;30630;30637.5;2491
20260603 181300;30637.25;30640.5;30629.25;30631.25;1517
20260603 181400;30631;30631.25;30619;30620.25;3730
20260603 181500;30620.5;30629.25;30612.75;30625.75;3620
20260603 181600;30625.75;30626.25;30612.25;30620.5;3390
20260603 181700;30620.5;30622.25;30609;30613.25;2449
20260603 181800;30613;30621.25;30608;30617.5;2738
20260603 181900;30618;30625;30616;30621;2503
20260603 182000;30621.25;30639.5;30618;30639;4184
20260603 182100;30639.25;30639.5;30617;30636.75;4762
20260603 182200;30637.25;30647;30634;30641;2666
20260603 182300;30641.25;30646.5;30636;30646.25;1934
20260603 182400;30646.5;30651.75;30642.5;30644.5;2182
20260603 182500;30644.75;30660.25;30644.5;30660;2991
20260603 182600;30660.5;30667.25;30655.5;30666;3146
20260603 182700;30666.25;30678.25;30664.75;30678.25;3558
20260603 182800;30677.75;30679.25;30669.75;30674.25;2977
20260603 182900;30675;30677.75;30668.75;30669.5;2249
20260603 183000;30669;30680;30668.25;30677;2485
20260603 183100;30677;30682;30672.75;30675.75;3039
20260603 183200;30675.75;30681.75;30669.75;30681.25;1958
20260603 183300;30681.75;30682.5;30675.25;30680;1847
20260603 183400;30680;30680;30671.75;30674.5;2293
20260603 183500;30674.75;30676;30661.5;30662.5;3127
20260603 183600;30662.5;30664.5;30645;30645.75;3923
20260603 183700;30645.5;30658.5;30642.75;30652.5;3979
20260603 183800;30652.75;30657;30649.25;30653.25;1934
20260603 183900;30653.25;30655.5;30638;30642.5;2526
20260603 184000;30642.5;30649.5;30638.25;30646;2671
20260603 184100;30646;30651.25;30632;30636;3637
20260603 184200;30636.5;30645.75;30635;30644.5;2037
20260603 184300;30644.75;30649;30643;30646.75;1716
20260603 184400;30646.75;30655.75;30645.75;30650.25;2624
20260603 184500;30650.25;30654.5;30646;30651.5;2424
20260603 184600;30651.5;30661;30650.25;30656.25;2266
20260603 184700;30656.25;30663;30656;30662.5;1928
20260603 184800;30662.75;30667.5;30659;30662.5;1595
20260603 184900;30662.75;30668;30659;30660.75;1964
20260603 185000;30660.75;30661;30646.75;30650;3136
20260603 185100;30650.25;30653.25;30644.25;30649.5;2153
20260603 185200;30650.5;30662.5;30646;30657.25;2742
20260603 185300;30657.25;30657.5;30647.5;30650.25;1850
20260603 185400;30650.5;30651;30641;30645.5;2043
20260603 185500;30646;30658.5;30645.75;30652.75;2162
20260603 185600;30653;30657.25;30642.75;30643.5;2096
20260603 185700;30643.75;30652.75;30639.5;30640.75;2142
20260603 185800;30640.5;30649.75;30636.25;30646;2555
20260603 185900;30646;30656.5;30642.75;30653;1912
20260603 190000;30653;30653.25;30647;30651.75;1270
20260603 190100;30651.75;30652.25;30633.25;30641.5;3773
20260603 190200;30641.75;30643.25;30628.5;30631;3204
20260603 190300;30631;30632;30622.5;30626.75;3369
20260603 190400;30627;30633;30618;30630;3332
20260603 190500;30629.5;30639.25;30624;30635;3306
20260603 190600;30635.25;30651.75;30633.75;30643.75;3968
20260603 190700;30644;30655.5;30641.5;30644.5;2582
20260603 190800;30644.25;30659.25;30643.5;30656.75;2226
20260603 190900;30656.75;30659.5;30651.25;30652.5;1729
20260603 191000;30652.5;30653;30637.75;30639.5;2580
20260603 191100;30640.75;30645.5;30635.75;30637;1834
20260603 191200;30637.25;30640.25;30616.25;30620;4029
20260603 191300;30620.5;30625;30615.5;30619.75;2731
20260603 191400;30619.5;30631;30616.75;30630;2330
20260603 191500;30630.25;30638;30627;30636.25;2151
20260603 191600;30637;30638.5;30623.75;30624.25;2703
20260603 191700;30624.5;30641.25;30623;30635.75;2638
20260603 191800;30636.25;30660;30635.5;30647.5;5203
20260603 191900;30647.25;30652;30639.5;30640;2206
20260603 192000;30639.75;30645.5;30632.5;30640.25;2702
20260603 192100;30641;30644.5;30634.25;30641.5;1803
20260603 192200;30641.75;30642;30618.5;30619.75;3594
20260603 192300;30620;30623.5;30613.5;30618.75;2629
20260603 192400;30619;30626.5;30615.5;30621.75;2529
20260603 192500;30621.75;30632.5;30620.25;30621;2297
20260603 192600;30621.25;30625.25;30615.5;30620.25;2024
20260603 192700;30620;30623.75;30616.75;30617.25;1301
20260603 192800;30617.75;30622;30610.75;30620.5;2858
20260603 192900;30620;30627.25;30615.25;30619;1972
20260603 193000;30618.75;30638.5;30618.75;30635;2687
20260603 193100;30635;30649.25;30627;30639.25;4368
20260603 193200;30639.5;30647.75;30635.75;30638.75;2202
20260603 193300;30638.75;30647;30628.5;30636.75;2519
20260603 193400;30636.25;30644;30634;30638.25;1719
20260603 193500;30639;30650.5;30635.75;30648.75;1882
20260603 193600;30649;30657.5;30643.75;30657.25;2660
20260603 193700;30657.75;30669.5;30655.75;30669;3200
20260603 193800;30669.25;30679;30665.75;30676.75;2912
20260603 193900;30677;30679;30669.25;30679;2633
20260603 194000;30678.5;30683.5;30674;30676;2897
20260603 194100;30676.25;30686.5;30670;30684.25;3991
20260603 194200;30684.25;30687;30676.5;30684.5;2487
20260603 194300;30685;30692;30680.5;30688.5;2669
20260603 194400;30687.25;30689.5;30682.5;30689;1983
20260603 194500;30688.75;30691;30683;30683.75;2004
20260603 194600;30683.5;30685.5;30673.75;30677;3367
20260603 194700;30676.75;30687.5;30673;30684;2711
20260603 194800;30683;30692.25;30681.75;30690.25;2214
20260603 194900;30690.5;30694.75;30681.5;30684.25;2356
20260603 195000;30685;30689.5;30682.75;30686.5;1396
20260603 195100;30686.25;30693.5;30658.5;30666.25;8668
20260603 195200;30665.75;30672.25;30662.75;30665;2496
20260603 195300;30664.75;30671.5;30659.75;30663.5;2933
20260603 195400;30663.75;30667.75;30655.5;30665.25;4327
20260603 195500;30665.25;30665.75;30645.5;30647.75;6180
20260603 195600;30647;30660;30635;30647.75;6790
20260603 195700;30647.5;30658.25;30643.25;30652.25;2757
20260603 195800;30651.5;30656.75;30643;30645.5;2807
20260603 195900;30645;30649.5;30637.25;30640;3267
20260603 200000;30640.25;30646;30625;30634.25;9285
20260603 200100;30634.5;30639.5;30629.5;30635.75;4471
20260603 200200;30635.25;30635.25;30613.25;30613.75;2998
20260603 200300;30614;30625.25;30608;30609.75;2810
20260603 200400;30609.25;30613.25;30601;30612;3277
20260603 200500;30611;30627.25;30610.5;30617.5;2875
20260603 200600;30617.25;30618.25;30600.5;30608.5;2911
20260603 200700;30609;30610.25;30600;30609.5;1368
20260603 200800;30608.75;30613.25;30594.5;30603.25;2026
20260603 200900;30603.25;30607;30600.25;30602.75;1639
20260603 201000;30602.5;30612;30600.75;30609.25;1516
20260603 201100;30609.25;30625.75;30606.5;30618.5;2609
20260603 201200;30618.25;30619.75;30606.5;30610.25;1701
20260603 201300;30610.75;30611.75;30603.5;30606;770
20260603 201400;30606;30619.25;30605.5;30611;1613
20260603 201500;30610.5;30613.25;30604;30607.25;1201
20260603 201600;30607.75;30612.75;30542;30549.5;7505
20260603 201700;30548;30582.5;30547.25;30582;3044
20260603 201800;30581.25;30593;30555.5;30563.5;2687
20260603 201900;30563.25;30577.75;30560.25;30571.75;1515
20260603 202000;30571;30589.5;30570.25;30574;1749
20260603 202100;30573.75;30601.25;30570.25;30594;2706
20260603 202200;30592.25;30601.25;30587.25;30593.5;1979
20260603 202300;30593.25;30593.25;30573.5;30583.5;1609
20260603 202400;30583.5;30590.25;30579.25;30586.25;1027
20260603 202500;30586.5;30595;30580.25;30583.75;1212
20260603 202600;30584;30585;30567;30570.75;1416
20260603 202700;30570.5;30587.25;30570;30580.25;1371
20260603 202800;30580;30581.5;30564.25;30566.25;1219
20260603 202900;30566.75;30574.5;30559.75;30568.25;1483
20260603 203000;30568.5;30572;30562.5;30564.25;705
20260603 203100;30564;30566.75;30556.75;30560.25;1240
20260603 203200;30560.25;30560.75;30545;30548;2044
20260603 203300;30548;30557.75;30545.25;30548.25;1224
20260603 203400;30548.75;30551;30535;30541.25;1839
20260603 203500;30542;30552.5;30539.75;30545.25;1035
20260603 203600;30545.75;30554.25;30541.5;30550.75;1064
20260603 203700;30551.25;30559.5;30546;30552.5;1246
20260603 203800;30552.5;30553;30536.5;30537.75;1106
20260603 203900;30537.75;30537.75;30520;30526.75;2147
20260603 204000;30526.5;30538;30526;30534;1083
20260603 204100;30533;30533.25;30520;30529;1133
20260603 204200;30529;30531.75;30516;30520.25;1587
20260603 204300;30520.25;30524.75;30510;30512.25;1420
20260603 204400;30512;30512.75;30500;30506.25;3179
20260603 204500;30506.25;30507;30498;30501.25;1762
20260603 204600;30501.5;30515.75;30498;30514;1871
20260603 204700;30513.25;30525;30509.75;30523.5;1255
20260603 204800;30523.75;30524.25;30511.25;30514.25;873
20260603 204900;30514;30517.75;30508.5;30509.5;812
20260603 205000;30509.75;30511.25;30490.75;30492.75;1794
20260603 205100;30493;30495;30480.5;30485.25;1911
20260603 205200;30485.25;30497;30485.25;30490.25;1333
20260603 205300;30489.25;30490;30481.5;30482.25;653
20260603 205400;30482.75;30488;30478.25;30483.75;1046
20260603 205500;30484;30492.25;30482.25;30490.75;807
20260603 205600;30490.25;30493.5;30480.5;30481.25;733
20260603 205700;30481;30487.75;30477.75;30485.75;585
20260603 205800;30486.75;30503;30485.75;30502;746
20260603 205900;30502.5;30505.75;30491.5;30496.25;835
20260603 210000;30496.75;30498.25;30490;30494.25;751
20260603 220100;30460.5;30474.5;30433.25;30473.75;3247
20260603 220200;30472;30485;30471.5;30484.25;1550
20260603 220300;30485.25;30500;30484.5;30495;1760
20260603 220400;30494.5;30498.5;30467.75;30471.25;1723
20260603 220500;30474.25;30478.25;30460.25;30472.5;1481
20260603 220600;30473.25;30476.25;30451.5;30457.5;1550
20260603 220700;30458.5;30473;30450.75;30454;1248
20260603 220800;30454.25;30456.5;30442.75;30444.75;1330
20260603 220900;30444.25;30466.25;30443.25;30464.25;1580
20260603 221000;30463.5;30479;30458.75;30477.5;1087
20260603 221100;30478.25;30480;30464;30465;837
20260603 221200;30465;30465.5;30452.25;30453.25;1043
20260603 221300;30453.25;30453.25;30439.5;30447.25;1475
20260603 221400;30447.25;30457.5;30445.25;30455.75;866
20260603 221500;30456.25;30461;30452;30456.25;591
20260603 221600;30456.75;30459.5;30438.75;30443.25;1041
20260603 221700;30443.25;30444.25;30427.5;30432.75;1793
20260603 221800;30432.5;30435.5;30426.75;30431.5;1040
20260603 221900;30430.75;30434;30422.25;30433.75;1232
20260603 222000;30432.75;30434;30422.5;30425;736
20260603 222100;30425;30426;30414;30417.75;1360
20260603 222200;30418.25;30427;30405.75;30425.5;2303
20260603 222300;30426.5;30445.75;30426.25;30444.75;2034
20260603 222400;30444.5;30447;30438;30441;1127
20260603 222500;30441;30447.25;30422.75;30428;1266
20260603 222600;30428.5;30455;30428.25;30450.25;1881
20260603 222700;30449.75;30453.5;30441.75;30452.25;886
20260603 222800;30452;30462.25;30448.5;30449;1400
20260603 222900;30449.5;30450.25;30441.5;30444;834
20260603 223000;30444.25;30450;30435.75;30437.75;842
20260603 223100;30438.25;30459.5;30433.5;30458.25;1469
20260603 223200;30458.25;30466.25;30455.25;30462;1108
20260603 223300;30463;30470;30452;30455;1687
20260603 223400;30455.5;30460.25;30446.25;30449;993
20260603 223500;30449.25;30465.5;30448.5;30461;1084
20260603 223600;30460.5;30463.25;30443;30455.25;1139
20260603 223700;30455;30455.5;30446;30448;527
20260603 223800;30447.5;30447.5;30435.75;30436;1096
20260603 223900;30435.75;30443.75;30434.5;30436.75;915
20260603 224000;30437;30443.25;30430.75;30441.5;1006
20260603 224100;30441.5;30450.75;30436;30444.25;1078
20260603 224200;30443.5;30448.75;30436.75;30441.5;572
20260603 224300;30442;30443.25;30424;30429;1219
20260603 224400;30429;30434;30428.5;30433;672
20260603 224500;30433;30440;30431.75;30439;591
20260603 224600;30438;30445.25;30432.25;30433.75;1010
20260603 224700;30433.5;30439;30427.75;30435.25;748
20260603 224800;30436;30436.75;30409.25;30424.25;1984
20260603 224900;30425.25;30426.75;30400.25;30410.5;1565
20260603 225000;30411.25;30417.75;30409.5;30416.5;991
20260603 225100;30417;30420.5;30381.75;30390.75;3000
20260603 225200;30390.75;30399.5;30370;30393;2356
20260603 225300;30393;30399;30390;30392.5;801
20260603 225400;30393.5;30395;30382.25;30388;1429
20260603 225500;30389.5;30404.5;30389;30401.5;1213
20260603 225600;30400.25;30413.25;30397;30408;1917
20260603 225700;30408;30445.25;30407.25;30442;3165
20260603 225800;30442;30471;30439.75;30454;3298
20260603 225900;30453.5;30455;30441;30452.5;1471
20260603 230000;30452;30458.75;30445;30458;991
20260603 230100;30457.5;30463.75;30451.25;30454;1191
20260603 230200;30453.5;30462;30445.75;30446.25;1081
20260603 230300;30445.75;30451;30430.5;30431;1647
20260603 230400;30431.75;30444.75;30426;30443.75;1322
20260603 230500;30443.5;30444.5;30431.5;30438.25;725
20260603 230600;30437.75;30438.25;30428;30434;1019
20260603 230700;30433.25;30436.5;30428.5;30430.5;591
20260603 230800;30430;30432.25;30421;30423.25;1252
20260603 230900;30424;30425.5;30414;30417.75;1094
20260603 231000;30416.75;30429.75;30413.25;30415.25;1236
20260603 231100;30414.75;30422.25;30410;30416.75;952
20260603 231200;30416;30421;30404.5;30417.5;1058
20260603 231300;30418;30420;30412.5;30413.75;568
20260603 231400;30413.5;30427.75;30411.25;30427;795
20260603 231500;30426.25;30432.5;30422.75;30426.75;956
20260603 231600;30426;30431.5;30416.5;30416.5;869
20260603 231700;30416.75;30420.25;30410.25;30411.25;807
20260603 231800;30410.75;30414.5;30409.25;30410;542
20260603 231900;30409.5;30411;30400;30405.5;1160
20260603 232000;30405.5;30413.5;30402.75;30408.75;773
20260603 232100;30408.5;30418;30403.5;30403.5;954
20260603 232200;30403.75;30407;30394.5;30401;1327
20260603 232300;30400.25;30402;30392.5;30394.25;757
20260603 232400;30395.25;30406.75;30393.75;30402;888
20260603 232500;30401.25;30405;30388;30395;1230
20260603 232600;30396;30409.5;30392.25;30407.75;1166
20260603 232700;30407.5;30416.75;30403.75;30411.5;947
20260603 232800;30411.25;30413.25;30402.25;30403.5;673
20260603 232900;30402.5;30409.5;30402.5;30404.75;545
20260603 233000;30404.25;30409.75;30404.25;30405.5;330
20260603 233100;30406.25;30423.25;30405.75;30420.25;1743
20260603 233200;30419.25;30419.25;30410.75;30415.75;558
20260603 233300;30416;30423;30406.75;30408;751
20260603 233400;30408.75;30412.5;30392.5;30396.25;1475
20260603 233500;30395.5;30397.5;30385.25;30390;1160
20260603 233600;30389.25;30396.5;30382.75;30395.5;1304
20260603 233700;30394.75;30397;30387.25;30388;613
20260603 233800;30388.25;30392.75;30380.75;30385.75;1302
20260603 233900;30385.5;30389.75;30381;30384;628
20260603 234000;30383.75;30388;30378;30386.75;932
20260603 234100;30386.25;30403.75;30386;30398.75;1138
20260603 234200;30398.25;30402.75;30395.5;30402.75;516
20260603 234300;30402.75;30403.5;30393.75;30395.5;615
20260603 234400;30396;30400.5;30388.5;30394.5;842
20260603 234500;30394.25;30394.25;30379.5;30387.5;1000
20260603 234600;30387.5;30396.5;30386.25;30389;1135
20260603 234700;30389.75;30394.5;30372.25;30376.75;1677
20260603 234800;30377.25;30382.5;30367.75;30377.25;1566
20260603 234900;30376.5;30382.25;30375.75;30375.75;759
20260603 235000;30376.25;30390;30376;30385.25;886
20260603 235100;30385;30405.5;30380.75;30400.25;1762
20260603 235200;30399.75;30406;30395;30402.75;967
20260603 235300;30402.25;30405.25;30395.75;30402.25;793
20260603 235400;30402.75;30418.5;30402;30412;1748
20260603 235500;30411.5;30421.75;30410.75;30420.75;824
20260603 235600;30420.25;30421.25;30407.25;30408.5;985
20260603 235700;30408.5;30408.5;30389.5;30398;1608
20260603 235800;30398;30404.75;30395.25;30398.75;746
20260603 235900;30399.25;30403.25;30394.25;30402;684
20260604 000000;30401.5;30402.75;30393.25;30394.75;623
20260604 000100;30393.25;30441.5;30376.75;30427.75;6017
20260604 000200;30426;30447.25;30418.75;30422.75;2899
20260604 000300;30422;30447.75;30422;30445.75;2643
20260604 000400;30445;30450;30430;30433.75;2358
20260604 000500;30433.25;30443.25;30429.25;30438.25;1462
20260604 000600;30439.5;30454.75;30436.5;30450;1792
20260604 000700;30449.75;30449.75;30435.75;30444;1266
20260604 000800;30444.25;30450.75;30434.75;30436.75;1128
20260604 000900;30435.75;30446;30431.25;30441.5;1107
20260604 001000;30442.75;30444.5;30435.5;30440;796
20260604 001100;30439.75;30445;30428.75;30434.25;1186
20260604 001200;30435.75;30451.5;30429;30449.75;1374
20260604 001300;30450;30451.5;30441;30444.75;710
20260604 001400;30443.75;30444.5;30431.75;30438.75;872
20260604 001500;30438.25;30442;30428.75;30434.75;862
20260604 001600;30434.25;30438;30426.25;30427.25;1103
20260604 001700;30427.75;30428;30410.5;30425.75;2342
20260604 001800;30425;30447.5;30424.25;30445.5;1785
20260604 001900;30445;30462.75;30444.5;30460.75;2551
20260604 002000;30461.75;30462;30443.75;30444.5;1371
20260604 002100;30444.5;30453.25;30443.25;30451.25;902
20260604 002200;30450.75;30452.25;30433.5;30437;1068
20260604 002300;30435.5;30451;30425.5;30450;1743
20260604 002400;30449.75;30454.25;30440.75;30448;1098
20260604 002500;30447.75;30448.5;30437.25;30438.5;702
20260604 002600;30439.25;30445.5;30435.25;30440.5;610
20260604 002700;30440.25;30452;30436.75;30450.75;1171
20260604 002800;30451;30453.5;30446.75;30450.5;661
20260604 002900;30450.75;30458.25;30449.25;30455.25;898
20260604 003000;30455.25;30457.5;30448.25;30455.5;737
20260604 003100;30456.25;30464.5;30454;30461.5;1514
20260604 003200;30461.75;30479.5;30461.5;30477.75;2233
20260604 003300;30477.5;30489.5;30471.5;30488;2300
20260604 003400;30487;30493.5;30483.5;30492;1579
20260604 003500;30493;30497;30489.75;30492;1236
20260604 003600;30492.5;30501.75;30484.25;30485;2044
20260604 003700;30485.25;30487;30474.5;30476.5;1340
20260604 003800;30475.75;30482;30469.75;30471.5;1537
20260604 003900;30471;30477.5;30465.25;30475.25;1047
20260604 004000;30476;30481.75;30471.25;30476.25;810
20260604 004100;30477.25;30482.75;30474;30477.25;732
20260604 004200;30477.25;30481.5;30470.5;30475;652
20260604 004300;30475.5;30479.75;30474.25;30475.75;466
20260604 004400;30475.5;30477.25;30471.5;30475.25;447
20260604 004500;30475;30496.5;30474.25;30496.5;1308
20260604 004600;30496.5;30497.75;30487.75;30493.25;1109
20260604 004700;30493.25;30494.25;30482;30482;770
20260604 004800;30481.75;30496.25;30480.5;30494.75;823
20260604 004900;30494.25;30494.25;30484.75;30487.75;585
20260604 005000;30487.5;30490.25;30480.5;30487.75;639
20260604 005100;30487.75;30489;30477;30478.75;799
20260604 005200;30478;30481;30472.75;30479;784
20260604 005300;30479;30484.25;30475.75;30481.5;588
20260604 005400;30481.25;30494.5;30479.75;30491.75;863
20260604 005500;30491.5;30503;30489.5;30501.25;1144
20260604 005600;30501.25;30501.25;30493;30497;832
20260604 005700;30496.5;30498.75;30484.25;30488;1008
20260604 005800;30487.25;30492.75;30486.25;30490.25;733
20260604 005900;30490.5;30499;30490;30498.25;557
20260604 010000;30498;30502.75;30496.5;30499.25;758
20260604 010100;30499;30510.25;30496;30508.25;1977
20260604 010200;30507.5;30509;30496.5;30497.75;1066
20260604 010300;30498.25;30504.5;30495.25;30504;945
20260604 010400;30503;30508.75;30499;30501.75;727
20260604 010500;30502.25;30506.25;30500;30504.75;428
20260604 010600;30505;30516.5;30501.5;30514.5;1538
20260604 010700;30514.25;30514.25;30506.25;30511.75;903
20260604 010800;30511;30516;30506.25;30512;598
20260604 010900;30511.75;30514.75;30507.25;30514.5;404
20260604 011000;30513.75;30519;30509.5;30518;536
20260604 011100;30518;30525.75;30511.75;30521.25;1708
20260604 011200;30520.75;30524.5;30518.75;30523.25;606
20260604 011300;30523;30531;30523;30528.5;1333
20260604 011400;30528.5;30529.5;30520.5;30524;751
20260604 011500;30524.5;30525.25;30515.5;30516;726
20260604 011600;30515.75;30516.5;30503.75;30505.75;1664
20260604 011700;30505;30508.75;30498.75;30500.75;1158
20260604 011800;30501.5;30503.75;30498;30499.75;627
20260604 011900;30499.5;30504.5;30486.5;30493.5;1344
20260604 012000;30494.5;30495.25;30483;30487.5;1105
20260604 012100;30487.25;30501.75;30487.25;30489.25;1120
20260604 012200;30489;30493.75;30485.5;30489.75;691
20260604 012300;30489.75;30499.75;30489.75;30493;811
20260604 012400;30492.25;30494.25;30488.5;30491.75;366
20260604 012500;30492;30492.75;30481.25;30483;903
20260604 012600;30482.25;30485.25;30475.5;30478.5;1145
20260604 012700;30478.5;30483;30475.5;30477.75;736
20260604 012800;30477.5;30481.25;30472;30481.25;809
20260604 012900;30481.25;30491.5;30479.25;30491;1005
20260604 013000;30491.5;30496.5;30488;30490;841
20260604 013100;30491.25;30506.5;30491.25;30505;1485
20260604 013200;30504.75;30510.5;30502.25;30506.5;873
20260604 013300;30506.75;30514.25;30502.5;30510.5;776
20260604 013400;30510.75;30523;30509.25;30523;918
20260604 013500;30522.75;30525;30514.25;30514.5;1090
20260604 013600;30514.5;30523.25;30512;30520.75;571
20260604 013700;30520.75;30522;30507.75;30508.5;865
20260604 013800;30509.25;30513.5;30504.25;30507.25;802
20260604 013900;30506.5;30514;30505.5;30509;467
20260604 014000;30509.5;30511;30500;30503;780
20260604 014100;30502.5;30504.5;30494.25;30495.75;995
20260604 014200;30496;30499.5;30486.5;30487.25;1044
20260604 014300;30487.75;30492.25;30483.75;30491.25;824
20260604 014400;30491;30491.25;30480.25;30481.5;921
20260604 014500;30481.75;30486;30475;30483.5;933
20260604 014600;30483.5;30488.5;30472.5;30472.5;1033
20260604 014700;30473;30480.75;30463.25;30469.75;1540
20260604 014800;30469.25;30478;30466.75;30474;883
20260604 014900;30473;30482.75;30469.5;30480.25;923
20260604 015000;30479.75;30484.5;30477;30481;663
20260604 015100;30482.25;30483.25;30472.25;30475;672
20260604 015200;30474.5;30474.5;30453.75;30454;1843
20260604 015300;30454.5;30458.25;30448.25;30450.25;1467
20260604 015400;30449.5;30453.25;30443;30444.5;1242
20260604 015500;30444.75;30450.5;30438.5;30443;1299
20260604 015600;30442.25;30456.75;30439.5;30451.25;1560
20260604 015700;30450.75;30452.75;30446.25;30446.5;675
20260604 015800;30447.25;30450;30438;30443.75;916
20260604 015900;30443.5;30452;30441.75;30444.5;725
20260604 020000;30444.25;30453.75;30444.25;30453.75;519
20260604 020100;30453.5;30456.75;30440.5;30444.5;1116
20260604 020200;30444.25;30445.25;30437;30437;838
20260604 020300;30437;30438.25;30426.25;30431.75;1674
20260604 020400;30431.75;30433.5;30425.25;30432.75;811
20260604 020500;30432.5;30438.25;30424;30427;1070
20260604 020600;30426.5;30436;30422.25;30435;988
20260604 020700;30435;30443.25;30434;30438.25;1023
20260604 020800;30437.75;30446.5;30437.75;30443.75;916
20260604 020900;30443.75;30447.25;30438.25;30440.25;804
20260604 021000;30440.25;30440.5;30422;30422;1071
20260604 021100;30422.5;30424.5;30416.5;30417.25;1264
20260604 021200;30416.25;30420.25;30402.5;30403.75;1882
20260604 021300;30403.25;30409.5;30397;30397.75;1715
20260604 021400;30397.5;30406.25;30396;30400.5;1045
20260604 021500;30400;30405.25;30391.5;30394.25;1043
20260604 021600;30394.5;30395.75;30356.75;30365.75;4964
20260604 021700;30365.75;30370.5;30352.5;30367.75;2342
20260604 021800;30368.5;30372.25;30360.5;30367.25;1225
20260604 021900;30366.75;30376.5;30366.5;30375;1290
20260604 022000;30375;30380;30371;30379;1377
20260604 022100;30379.75;30397.75;30375.5;30394.75;2607
20260604 022200;30395.25;30402;30392.25;30396.75;1067
20260604 022300;30396.75;30400.75;30393.25;30399.5;783
20260604 022400;30399.75;30406;30394.5;30398.75;1203
20260604 022500;30399;30399.5;30390;30396.5;880
20260604 022600;30396.5;30407.25;30396.5;30404.25;1053
20260604 022700;30404.25;30424.5;30400.75;30421.75;2166
20260604 022800;30422;30424.25;30410.25;30417.5;1036
20260604 022900;30418;30420.25;30413;30416.75;782
20260604 023000;30417.25;30423;30412;30414.75;771
20260604 023100;30414;30417.25;30398.5;30400.75;1554
20260604 023200;30400.5;30410.75;30393;30396.75;1683
20260604 023300;30396.5;30402.75;30394.5;30399.5;809
20260604 023400;30399.5;30405.75;30397;30399.5;645
20260604 023500;30399.25;30400.75;30388;30398.75;1080
20260604 023600;30399.5;30400;30393.25;30395;451
20260604 023700;30394.5;30411.25;30392.25;30401;1217
20260604 023800;30400.75;30401.25;30388.25;30389.25;1157
20260604 023900;30389.5;30402.25;30388;30401.5;852
20260604 024000;30401.75;30408.75;30401;30403;542
20260604 024100;30403.25;30413.25;30401.25;30412.5;809
20260604 024200;30411.75;30417.75;30410.25;30416;593
20260604 024300;30416.25;30418.25;30411.5;30415.75;403
20260604 024400;30415;30415.5;30409.75;30415.5;585
20260604 024500;30415;30416;30409.75;30410.25;347
20260604 024600;30410.25;30428.25;30409.5;30421.25;1318
20260604 024700;30420.75;30422.75;30414.25;30418.5;591
20260604 024800;30418.5;30425;30418.5;30423.75;398
20260604 024900;30423.75;30434;30423;30431.75;1049
20260604 025000;30432.25;30439.25;30430.25;30434.75;1099
20260604 025100;30434.75;30436.75;30429.75;30429.75;510
20260604 025200;30430.25;30442;30429;30439.75;764
20260604 025300;30440;30440;30421.5;30426.5;986
20260604 025400;30426.25;30426.75;30415.25;30419.75;892
20260604 025500;30419.25;30422;30415.25;30420.5;532
20260604 025600;30421;30423;30411.5;30415.75;790
20260604 025700;30415.75;30422.25;30413.75;30419.5;462
20260604 025800;30420;30422.25;30413;30414.75;542
20260604 025900;30415.75;30417.25;30408.5;30413;928
20260604 030000;30412.5;30418;30411.25;30412.75;318
20260604 030100;30412.75;30418;30409.75;30412.5;688
20260604 030200;30412.75;30424.25;30411.25;30422.75;912
20260604 030300;30422.75;30432.25;30420.75;30431.75;968
20260604 030400;30432;30432.5;30425.5;30430.5;458
20260604 030500;30430.75;30435;30428.75;30433;548
20260604 030600;30434;30443.75;30430.25;30442;892
20260604 030700;30442;30443.25;30435.75;30436.75;825
20260604 030800;30437;30441.75;30434.75;30439.75;463
20260604 030900;30440.5;30441.75;30432;30436;460
20260604 031000;30435.75;30443.5;30430;30440.75;619
20260604 031100;30441.25;30453.25;30441.25;30452.25;1127
20260604 031200;30452.5;30452.75;30444;30444.75;687
20260604 031300;30445;30448.5;30441.75;30444.5;560
20260604 031400;30444.5;30451;30440;30440.75;801
20260604 031500;30440.75;30443;30433.5;30439.25;714
20260604 031600;30439;30449.75;30438;30447.75;790
20260604 031700;30447.25;30454.75;30446.75;30451.25;817
20260604 031800;30451;30452.5;30447.5;30449.5;368
20260604 031900;30449.5;30457;30448.5;30456;861
20260604 032000;30456.5;30460;30451.75;30457.25;663
20260604 032100;30457.75;30458;30450.25;30454;531
20260604 032200;30454;30456.5;30451.75;30454;245
20260604 032300;30454.5;30456.25;30451.25;30453;243
20260604 032400;30453.25;30454;30450.75;30451;215
20260604 032500;30451.25;30454.25;30447.75;30453.25;503
20260604 032600;30453.5;30464;30451;30462;813
20260604 032700;30461;30461;30454;30455;514
20260604 032800;30455.25;30463.25;30452.5;30463;391
20260604 032900;30463;30469.75;30461.75;30467.75;928
20260604 033000;30468.25;30470.5;30463.5;30469.75;537
20260604 033100;30469.25;30477;30469.25;30473.75;998
20260604 033200;30473.5;30486;30473.5;30482.25;1492
20260604 033300;30482;30485;30478.75;30480.25;696
20260604 033400;30479.5;30487;30478.5;30482;582
20260604 033500;30482.5;30484.75;30477.25;30483;799
20260604 033600;30483.75;30484;30470;30474.5;1164
20260604 033700;30474.25;30474.75;30465.75;30467.5;992
20260604 033800;30468.5;30475.25;30467.25;30471.75;626
20260604 033900;30472.25;30476.5;30472;30475.75;262
20260604 034000;30475.75;30478;30470.5;30476.5;320
20260604 034100;30475.75;30477.75;30467.75;30471;349
20260604 034200;30470.75;30471.5;30461.5;30462.75;855
20260604 034300;30463;30468;30457.25;30458.25;795
20260604 034400;30458;30460.5;30450.75;30453.5;1053
20260604 034500;30453.75;30462;30452;30454.75;636
20260604 034600;30454.5;30460;30452.25;30458.25;526
20260604 034700;30458.75;30459.75;30450.25;30452.75;399
20260604 034800;30453.25;30454;30446.25;30452.25;683
20260604 034900;30452.25;30456.25;30448.75;30448.75;529
20260604 035000;30449.25;30457.5;30449.25;30455.5;590
20260604 035100;30454.5;30467;30453.25;30466.75;1104
20260604 035200;30466.5;30471;30461.5;30463.25;827
20260604 035300;30463.75;30464.25;30456.5;30462.75;538
20260604 035400;30462;30463.25;30456.25;30459.25;312
20260604 035500;30458.75;30461;30455;30460;312
20260604 035600;30460;30467;30459.25;30464.75;544
20260604 035700;30464.75;30468.25;30461.5;30464.5;365
20260604 035800;30464.75;30469.75;30463.75;30468.5;379
20260604 035900;30468.5;30478.75;30467.25;30478.25;712
20260604 040000;30478.5;30484.75;30474.5;30480.25;831
20260604 040100;30480.5;30483;30474.5;30476;569
20260604 040200;30475.75;30480;30471.5;30477.25;426
20260604 040300;30478.5;30484.25;30475.75;30477;575
20260604 040400;30475.75;30476.75;30467.25;30471.5;494
20260604 040500;30471.5;30477.75;30465.5;30475.25;556
20260604 040600;30475.5;30475.5;30471;30472.25;258
20260604 040700;30472.25;30475;30471;30474.75;209
20260604 040800;30475.25;30481.5;30473.25;30473.25;478
20260604 040900;30474.5;30476.75;30471.5;30473.75;262
20260604 041000;30474.5;30475.75;30470.25;30472;218
20260604 041100;30472;30479.5;30472;30479;300
20260604 041200;30478.75;30493;30478.75;30489.75;1208
20260604 041300;30488.75;30490.75;30484.5;30490.5;458
20260604 041400;30490.25;30491.75;30487.25;30490.5;323
20260604 041500;30490;30497.25;30486.5;30497;659
20260604 041600;30497.25;30500;30495.25;30498.5;696
20260604 041700;30498.25;30498.25;30492.5;30492.5;380
20260604 041800;30492.75;30493;30486;30487.75;503
20260604 041900;30488.25;30492;30485;30490;404
20260604 042000;30490.5;30499.5;30490.5;30493.25;530
20260604 042100;30492.75;30498.25;30488.75;30492.25;430
20260604 042200;30492.75;30495.75;30491.5;30495.25;304
20260604 042300;30495.25;30498.25;30491.5;30495.5;193
20260604 042400;30495.75;30502.25;30493.25;30501.25;479
20260604 042500;30501.75;30502.5;30498;30498.5;412
20260604 042600;30498.5;30499.25;30493;30494.75;519
20260604 042700;30494;30497.75;30491.5;30496;312
20260604 042800;30496.75;30500.25;30494.25;30495;312
20260604 042900;30495.25;30495.5;30486.75;30487.5;447
20260604 043000;30488;30492;30487.25;30489.5;253
20260604 043100;30488.75;30494.5;30487.25;30490.75;633
20260604 043200;30491;30495.75;30489.5;30492.25;244
20260604 043300;30491.5;30492;30483;30484.5;580
20260604 043400;30484.25;30492.75;30484;30492;314
20260604 043500;30492;30507.75;30492;30499.75;1191
20260604 043600;30499.5;30506.75;30499.25;30506.5;515
20260604 043700;30505.75;30505.75;30495;30497.5;620
20260604 043800;30497.75;30500.75;30495;30499.25;424
20260604 043900;30498.25;30502;30494.5;30494.5;341
20260604 044000;30494.5;30501.75;30492;30498.5;472
20260604 044100;30497.75;30505.25;30496.25;30503;553
20260604 044200;30503.75;30503.75;30492.5;30496.25;395
20260604 044300;30496;30501.5;30494.5;30498;327
20260604 044400;30498.25;30502.75;30494;30502.75;290
20260604 044500;30502.5;30505;30496.25;30504.5;377
20260604 044600;30504.25;30508.5;30494.5;30496.25;623
20260604 044700;30496;30498.75;30490.5;30497.25;544
20260604 044800;30497;30497.25;30491;30495.75;311
20260604 044900;30496.25;30496.25;30491.25;30492.75;248
20260604 045000;30492;30496;30491.75;30496;164
20260604 045100;30495.5;30496.25;30491.75;30493.5;202
20260604 045200;30494.25;30497.5;30491.75;30492.75;246
20260604 045300;30492.5;30493.5;30490.75;30491.25;221
20260604 045400;30491.75;30494;30489.5;30493;291
20260604 045500;30492.75;30502;30492.75;30498.75;573
20260604 045600;30498.75;30499.25;30493.75;30497;310
20260604 045700;30497;30498.5;30494;30496.25;237
20260604 045800;30497;30502;30496.25;30498.25;229
20260604 045900;30498.75;30498.75;30492.5;30493.75;209
20260604 050000;30493.5;30499.5;30493.5;30497.75;147
20260604 050100;30498;30500.5;30487.25;30488.25;643
20260604 050200;30489.25;30493;30485;30486.75;747
20260604 050300;30487;30489.25;30478.5;30480.25;865
20260604 050400;30481;30484;30478;30480.5;662
20260604 050500;30480.5;30485.5;30478.75;30482.75;437
20260604 050600;30483.25;30491.25;30482.75;30485.5;610
20260604 050700;30485.5;30493.25;30484.25;30486.25;549
20260604 050800;30486.5;30488.75;30481.25;30482.5;515
20260604 050900;30481.75;30481.75;30472.75;30476;764
20260604 051000;30475.75;30476;30461.5;30461.75;1201
20260604 051100;30462.75;30466.5;30454.5;30457;912
20260604 051200;30456.25;30458.5;30450.75;30456.25;902
20260604 051300;30455.75;30458;30451;30453.75;407
20260604 051400;30454.25;30463.75;30450;30463.25;902
20260604 051500;30462.75;30475;30461.5;30474.25;933
20260604 051600;30474.5;30478;30464.25;30464.25;670
20260604 051700;30465;30469.5;30460.75;30469.5;625
20260604 051800;30469.25;30482.25;30468.5;30478.75;729
20260604 051900;30479.25;30483.75;30476.5;30476.5;493
20260604 052000;30477.5;30479.75;30471.75;30473.5;455
20260604 052100;30473.75;30473.75;30461;30465.5;657
20260604 052200;30464.5;30465;30457.25;30463.25;408
20260604 052300;30463.5;30464;30455;30455;299
20260604 052400;30455.5;30464.25;30455.5;30457.5;317
20260604 052500;30458;30466.25;30456.5;30458.5;587
20260604 052600;30458.25;30459.5;30451.75;30458.5;497
20260604 052700;30457.5;30464.25;30452.5;30462.5;374
20260604 052800;30462.5;30466.5;30460;30464.75;335
20260604 052900;30464.75;30466.5;30461;30461;285
20260604 053000;30463.25;30466;30460.5;30461.5;183
20260604 053100;30462.75;30468.25;30459.25;30463.75;466
20260604 053200;30464.5;30466.5;30460;30462.25;436
20260604 053300;30461.5;30467;30454;30457.75;515
20260604 053400;30458.25;30472.75;30457;30468;638
20260604 053500;30468;30483.25;30467;30477.75;822
20260604 053600;30478;30481;30473;30479.5;294
20260604 053700;30479.5;30480.5;30463.5;30470.25;769
20260604 053800;30470;30481;30469.5;30475.75;447
20260604 053900;30476.5;30486.75;30475.75;30482.75;623
20260604 054000;30481.75;30484.25;30469.75;30476;530
20260604 054100;30476.5;30479;30472.75;30479;370
20260604 054200;30478.75;30491;30478.75;30490;745
20260604 054300;30491.25;30492;30484.75;30485.75;380
20260604 054400;30484.75;30491.5;30484;30490.75;387
20260604 054500;30490.75;30493.25;30488.25;30492.25;424
20260604 054600;30491.75;30492.75;30484.5;30486.5;334
20260604 054700;30486.5;30491.75;30475;30479.25;910
20260604 054800;30479.5;30483.75;30478.25;30480.75;326
20260604 054900;30480.5;30480.75;30473.5;30473.5;258
20260604 055000;30473.5;30481.25;30470.5;30472;602
20260604 055100;30471.75;30478.75;30470.75;30475.25;422
20260604 055200;30474.25;30477.25;30466.75;30468.75;606
20260604 055300;30469;30477.75;30468.25;30472.75;416
20260604 055400;30471.5;30476.5;30469.75;30470;200
20260604 055500;30470;30471.75;30462.5;30467.75;528
20260604 055600;30467;30468;30458.25;30458.75;487
20260604 055700;30458.75;30464.75;30457.75;30464;334
20260604 055800;30464.25;30470.75;30462.75;30470;456
20260604 055900;30470.75;30477.25;30470;30476.25;508
20260604 060000;30476;30487.5;30474.25;30483.75;704
20260604 060100;30484.5;30485.75;30477.25;30484;643
20260604 060200;30483.5;30488.5;30481.5;30486.75;478
20260604 060300;30487.5;30491.5;30485.75;30490;539
20260604 060400;30490.25;30498.25;30489.5;30496.25;774
20260604 060500;30497;30497;30489.5;30489.75;307
20260604 060600;30489.75;30491.75;30482.25;30488;543
20260604 060700;30488;30492.25;30485;30490;415
20260604 060800;30490;30494.75;30488;30493.5;325
20260604 060900;30493.25;30497.5;30492.5;30494.5;294
20260604 061000;30496;30496.5;30491.5;30493;208
20260604 061100;30492.25;30499.75;30489.75;30498.75;433
20260604 061200;30499.75;30501;30491.75;30493.5;470
20260604 061300;30492.75;30496.25;30491;30493.5;160
20260604 061400;30494;30496.75;30483.75;30485.75;414
20260604 061500;30485.5;30489.5;30480.75;30484.5;558
20260604 061600;30485.25;30489.25;30482.75;30485.75;298
20260604 061700;30485.25;30485.25;30478.5;30480.75;449
20260604 061800;30480.5;30487.75;30478.25;30487;390
20260604 061900;30486.5;30487.5;30475.5;30479.25;706
20260604 062000;30480;30481.5;30475.25;30476.5;381
20260604 062100;30477.5;30482.75;30473.75;30481.25;440
20260604 062200;30478.5;30478.75;30472;30475.5;385
20260604 062300;30475.25;30480.25;30470.5;30471.5;512
20260604 062400;30471.5;30473.25;30467.5;30470.5;462
20260604 062500;30471.25;30472.5;30465;30466.75;820
20260604 062600;30467.25;30485.25;30465.75;30478.5;885
20260604 062700;30478.5;30481.25;30471.75;30477.5;686
20260604 062800;30478.75;30487.75;30478.75;30481.5;690
20260604 062900;30481.5;30485.75;30481.5;30484.25;296
20260604 063000;30483.5;30490.25;30481.5;30489;423
20260604 063100;30488.75;30489.25;30477;30478.75;742
20260604 063200;30479.25;30483.75;30471;30474.25;684
20260604 063300;30474;30479.25;30469.75;30472;465
20260604 063400;30472.25;30494.5;30471.75;30492;1295
20260604 063500;30491.5;30492.25;30480.25;30485;578
20260604 063600;30485.75;30498.5;30484.25;30495.75;910
20260604 063700;30496.75;30503.5;30495.25;30498.25;631
20260604 063800;30498.5;30499.75;30491.75;30493;669
20260604 063900;30492.5;30495.5;30490.5;30493.75;334
20260604 064000;30493.25;30503.5;30489.75;30501.75;738
20260604 064100;30501.75;30514.75;30501;30513;1224
20260604 064200;30513;30514.75;30507.5;30511.75;447
20260604 064300;30512;30515.75;30509;30509;557
20260604 064400;30509;30512;30507.5;30510;279
20260604 064500;30509.75;30520;30509.5;30519.25;752
20260604 064600;30518.5;30519;30507.75;30509;835
20260604 064700;30509;30510.5;30505.25;30507.25;551
20260604 064800;30507.75;30508.25;30502.75;30505;357
20260604 064900;30505.5;30508.5;30502.5;30508.25;226
20260604 065000;30508.25;30511;30507;30510;203
20260604 065100;30510.25;30524;30509.5;30517.75;1470
20260604 065200;30517.5;30519;30515.25;30516;218
20260604 065300;30517;30522;30515.25;30521.25;389
20260604 065400;30521.75;30526.75;30519.75;30526.5;749
20260604 065500;30526;30534.25;30523.5;30528.25;1176
20260604 065600;30527.5;30529.5;30524.25;30528.75;549
20260604 065700;30528;30529.25;30524;30525;316
20260604 065800;30525.5;30533.75;30524.75;30526.75;457
20260604 065900;30526.75;30530.25;30524;30528.75;300
20260604 070000;30529.5;30530.25;30525.75;30530;371
20260604 070100;30530;30531.5;30519;30521.75;1345
20260604 070200;30522.5;30522.5;30512.75;30517.75;807
20260604 070300;30518;30528.25;30518;30527.25;724
20260604 070400;30527;30528;30520.25;30526;443
20260604 070500;30525.5;30544;30525.5;30540.25;1396
20260604 070600;30540.5;30546;30535.25;30540.25;1216
20260604 070700;30539;30539.25;30527.75;30529.75;791
20260604 070800;30529.75;30530.5;30523.5;30526.75;651
20260604 070900;30527;30532.25;30524;30527.75;546
20260604 071000;30528.25;30530.75;30522.75;30526;445
20260604 071100;30525.75;30538;30525;30535.75;651
20260604 071200;30535.75;30539.25;30533.5;30536.75;484
20260604 071300;30536.75;30543;30535.5;30537;559
20260604 071400;30536.5;30540.5;30535;30537.5;436
20260604 071500;30537.5;30539.25;30531.75;30532.75;260
20260604 071600;30532.25;30535;30521;30523.25;699
20260604 071700;30524;30529;30522.25;30525;439
20260604 071800;30524.5;30524.5;30510.25;30512.75;998
20260604 071900;30513.5;30516.5;30507.75;30515.25;1077
20260604 072000;30515.5;30519.25;30508.5;30513.5;595
20260604 072100;30513;30518.25;30498;30500;1336
20260604 072200;30500;30502;30489.25;30493;1140
20260604 072300;30492.5;30501.25;30491.25;30501;649
20260604 072400;30500.25;30514.5;30500;30506;940
20260604 072500;30506;30514.5;30506;30512.75;490
20260604 072600;30512.75;30516.25;30507.25;30507.5;558
20260604 072700;30508;30509.5;30502.25;30507.25;482
20260604 072800;30507;30508.75;30497.25;30498.5;597
20260604 072900;30499.25;30510;30495.5;30507.75;645
20260604 073000;30507.5;30520;30507.25;30518.25;619
20260604 073100;30518.5;30527;30514.5;30522.25;1031
20260604 073200;30522.5;30527.75;30522;30526.25;497
20260604 073300;30526;30527.5;30522;30526.25;420
20260604 073400;30526;30533;30524.75;30525;1104
20260604 073500;30525.5;30526.75;30520;30524.5;489
20260604 073600;30525;30526;30519.5;30521.75;323
20260604 073700;30522;30529.25;30521.75;30525.25;405
20260604 073800;30525;30525.25;30517;30519.75;444
20260604 073900;30519.5;30529.5;30518;30525;659
20260604 074000;30525.5;30527.25;30513.25;30515.5;582
20260604 074100;30514.75;30519;30513.5;30515.75;503
20260604 074200;30515.5;30518.5;30504;30506.75;875
20260604 074300;30506.75;30512.25;30503.25;30511.5;486
20260604 074400;30510.75;30512.75;30502.75;30507;530
20260604 074500;30506.5;30507.5;30503.5;30504.25;410
20260604 074600;30504.25;30509;30499.5;30505.75;776
20260604 074700;30504.75;30512.5;30504.25;30509.75;592
20260604 074800;30509.25;30513.25;30508;30510.25;380
20260604 074900;30510.75;30513;30504.75;30513;382
20260604 075000;30511.75;30515.5;30510.75;30511.25;371
20260604 075100;30511.75;30512.75;30505;30505.5;558
20260604 075200;30505.5;30507.75;30498.75;30500.5;731
20260604 075300;30500.5;30503.5;30493.75;30498.5;583
20260604 075400;30497.75;30505.5;30497.5;30501.5;472
20260604 075500;30501.75;30505.5;30499;30503.75;330
20260604 075600;30503.5;30503.5;30494;30496.75;483
20260604 075700;30496.75;30499.25;30496;30498.5;218
20260604 075800;30498.25;30502.25;30494.5;30495;205
20260604 075900;30494.75;30500.5;30490;30496.75;816
20260604 080000;30496.5;30500.5;30496;30499.5;263
20260604 080100;30499.25;30501.5;30480.75;30484.75;1674
20260604 080200;30484.5;30489.5;30480.25;30483;777
20260604 080300;30482.25;30486;30477.75;30480.75;1079
20260604 080400;30480.5;30482.75;30471.5;30475.5;1209
20260604 080500;30474.75;30476.75;30468.25;30471.25;855
20260604 080600;30470.75;30479.25;30454.25;30460;2055
20260604 080700;30459.25;30465.75;30456.75;30463.5;1125
20260604 080800;30463;30465.5;30447;30450.75;1592
20260604 080900;30451;30452.25;30434.75;30435.75;1622
20260604 081000;30436;30445.25;30430.5;30443.5;1189
20260604 081100;30443.25;30448;30432.25;30439.5;1140
20260604 081200;30438.5;30441.25;30425.25;30427.25;1550
20260604 081300;30426.75;30432;30422.5;30429.75;1353
20260604 081400;30429.5;30434.25;30413.5;30413.5;1543
20260604 081500;30413;30416.5;30405.75;30405.75;1763
20260604 081600;30405.5;30416;30404;30412;1736
20260604 081700;30411.75;30422.75;30410.25;30411.25;1530
20260604 081800;30411;30417.75;30405.75;30416.75;1318
20260604 081900;30416.75;30424.5;30412.75;30423.25;1200
20260604 082000;30422.5;30422.75;30397.5;30399.25;2063
20260604 082100;30399.5;30401.75;30381.25;30391.25;2330
20260604 082200;30391;30392.5;30376.75;30378;1515
20260604 082300;30377.5;30378;30365.5;30365.5;2190
20260604 082400;30366.5;30371.75;30358;30364.75;1787
20260604 082500;30365;30384;30362;30383.25;2073
20260604 082600;30384;30385.75;30356.75;30359.25;1771
20260604 082700;30359.75;30360.25;30345.25;30348.75;3362
20260604 082800;30348.5;30357.75;30340.75;30350.25;2144
20260604 082900;30349.5;30357.5;30339.5;30356.5;1398
20260604 083000;30356.75;30372.5;30354;30372.5;2175
20260604 083100;30372.25;30402.5;30369.75;30398.25;3583
20260604 083200;30398.25;30399.5;30364.25;30370;2363
20260604 083300;30370.75;30389.75;30363.25;30387.25;1704
20260604 083400;30387;30390;30379.25;30388.75;1078
20260604 083500;30388.75;30390;30380.25;30385.25;985
20260604 083600;30384.5;30389.75;30377.75;30384.5;1080
20260604 083700;30384;30393.5;30380.25;30392.75;811
20260604 083800;30392.5;30400.75;30388.25;30399.5;990
20260604 083900;30400;30400;30380;30392;1265
20260604 084000;30391.75;30391.75;30385;30391;631
20260604 084100;30390.25;30395.75;30388.75;30389.75;660
20260604 084200;30390;30390;30380.5;30383.25;775
20260604 084300;30382.5;30383.5;30366;30371.5;1329
20260604 084400;30371;30379.75;30370.5;30373.5;754
20260604 084500;30373.75;30376.5;30366.25;30367;751
20260604 084600;30367.25;30377.5;30367;30375;779
20260604 084700;30374.5;30376.5;30364.25;30366;1010
20260604 084800;30366;30367.25;30352.25;30353.75;1007
20260604 084900;30353;30359.5;30346;30346.5;784
20260604 085000;30347.25;30351.25;30330.25;30334.75;2078
20260604 085100;30334.5;30339.5;30328.75;30333.5;1291
20260604 085200;30333;30344.75;30332.5;30340.25;903
20260604 085300;30340.5;30342;30330.5;30332.75;752
20260604 085400;30333.25;30338;30328;30336.75;954
20260604 085500;30336.5;30338.75;30327;30331.25;822
20260604 085600;30331;30337.25;30326.5;30332.75;914
20260604 085700;30332.5;30347.5;30331.5;30342;1433
20260604 085800;30342.25;30346;30335.5;30345;851
20260604 085900;30343.75;30359;30343.25;30355.5;1044
20260604 090000;30355.25;30358.25;30341.75;30343.75;979
20260604 090100;30343.75;30346.5;30319;30319.5;1955
20260604 090200;30319.5;30322.75;30308;30316;2096
20260604 090300;30317;30321.25;30313.5;30314.5;933
20260604 090400;30313.75;30318.25;30298.75;30318.25;2446
20260604 090500;30318.25;30323.5;30301.25;30308;1468
20260604 090600;30306.75;30308;30292;30293.5;1816
20260604 090700;30293.5;30304;30289.25;30301.75;1975
20260604 090800;30301.75;30314.5;30291.25;30294.5;1632
20260604 090900;30295;30320.75;30293.75;30316.25;1473
20260604 091000;30317;30322;30301.75;30313.5;1445
20260604 091100;30313;30318.75;30295.25;30296.25;1379
20260604 091200;30296;30299;30285.25;30292.25;1426
20260604 091300;30292;30292.25;30268;30268.75;2913
20260604 091400;30268.75;30280.75;30267;30280;1539
20260604 091500;30279.5;30279.75;30257.5;30259.25;2138
20260604 091600;30260.25;30266.5;30250.25;30251.25;2559
20260604 091700;30252;30273;30251.5;30267.75;1720
20260604 091800;30267.25;30274.75;30251.5;30266.25;1539
20260604 091900;30265.75;30269.5;30245.5;30253;1455
20260604 092000;30252.5;30267.75;30251.25;30264.75;1427
20260604 092100;30264.75;30286.5;30264;30281.75;2084
20260604 092200;30282;30291.5;30275.75;30278.75;1730
20260604 092300;30277.5;30290.25;30277.25;30284;972
20260604 092400;30283.5;30299.5;30283;30296.5;1561
20260604 092500;30297;30304.5;30289;30290.25;1743
20260604 092600;30290.25;30311;30287.5;30311;1419
20260604 092700;30310;30312.25;30288.25;30295.5;1555
20260604 092800;30294.5;30303.75;30290;30303;595
20260604 092900;30303;30305.5;30296.5;30297.5;620
20260604 093000;30298.25;30310.5;30293.75;30304;762
20260604 093100;30303.5;30306.25;30291.5;30301.75;1025
20260604 093200;30301.75;30315.5;30299.75;30310;1290
20260604 093300;30310.5;30317;30302;30315.25;1113
20260604 093400;30316.25;30320;30311.75;30314.25;1065
20260604 093500;30315;30328;30312.25;30324.75;1076
20260604 093600;30325.25;30329;30323;30325.5;880
20260604 093700;30325.25;30326.75;30310.25;30315;1311
20260604 093800;30315;30332.25;30315;30328.5;1356
20260604 093900;30328.5;30329.5;30314;30321;1064
20260604 094000;30320.25;30321;30304.5;30307.25;1440
20260604 094100;30307.25;30312.25;30303.5;30307.25;639
20260604 094200;30306.75;30310.25;30300.75;30304;843
20260604 094300;30304.5;30306.75;30295.5;30298;913
20260604 094400;30297.5;30304.5;30296;30298.75;600
20260604 094500;30299.5;30309;30294;30298;887
20260604 094600;30297.75;30311;30294.5;30310.25;1166
20260604 094700;30310.25;30325.5;30306;30320.25;1244
20260604 094800;30320.75;30329.75;30315.25;30329;1116
20260604 094900;30329.5;30333.75;30324.5;30331;981
20260604 095000;30330.25;30332;30322.5;30329.25;850
20260604 095100;30328.75;30330.25;30314;30316.25;1255
20260604 095200;30316.25;30337;30315.75;30335.5;1230
20260604 095300;30335.75;30344.75;30334.25;30339;1302
20260604 095400;30339;30339.75;30331;30336;827
20260604 095500;30336.25;30346.5;30334.25;30345.5;791
20260604 095600;30346;30349;30342;30342;872
20260604 095700;30342.75;30344.75;30337.25;30343;656
20260604 095800;30344;30344;30332.5;30337.25;913
20260604 095900;30337.5;30338.5;30328.5;30333.25;776
20260604 100000;30333.5;30337.75;30329.75;30336.5;725
20260604 100100;30336.25;30338.5;30311.25;30315.5;1931
20260604 100200;30315.5;30331;30314.5;30330.5;1003
20260604 100300;30330.25;30334;30326.75;30327;783
20260604 100400;30326.5;30327.75;30316.25;30318.75;893
20260604 100500;30318.25;30323.75;30317.5;30323.25;585
20260604 100600;30322.75;30324.25;30310.5;30311;846
20260604 100700;30311.25;30316.25;30307.25;30312.5;870
20260604 100800;30313;30321.25;30311.75;30318.75;605
20260604 100900;30318.25;30322.75;30316.5;30319.25;481
20260604 101000;30319.5;30321.25;30311.25;30312.25;633
20260604 101100;30312.25;30313;30304.25;30308.5;739
20260604 101200;30308.25;30314;30298;30305.75;1746
20260604 101300;30306;30311.75;30304.5;30311;462
20260604 101400;30311;30318.75;30308.5;30313.25;765
20260604 101500;30312.75;30314.25;30305.5;30307.25;537
20260604 101600;30308.75;30310.25;30298.25;30299;656
20260604 101700;30298.5;30302;30291.75;30297.25;1075
20260604 101800;30297.5;30299.25;30288;30293.25;923
20260604 101900;30293.5;30296.25;30286.75;30290.75;748
20260604 102000;30291.25;30295;30278.25;30280.5;1053
20260604 102100;30280;30287.25;30277.25;30279.75;922
20260604 102200;30280.5;30294.25;30279.5;30294;1086
20260604 102300;30294.25;30294.25;30284.75;30291.75;575
20260604 102400;30291.25;30300.25;30290;30292.75;884
20260604 102500;30292.75;30304.25;30290.75;30304;849
20260604 102600;30304.25;30306.75;30297.75;30302.25;601
20260604 102700;30302.5;30302.5;30287;30289.5;1036
20260604 102800;30289.25;30296.25;30286;30286;975
20260604 102900;30286;30287.25;30276;30278.5;1395
20260604 103000;30278.5;30279.75;30268.5;30272;1284
20260604 103100;30271.25;30291.5;30267.5;30287.25;2513
20260604 103200;30286.75;30289.25;30280.5;30284.25;820
20260604 103300;30283.75;30290.75;30281;30288.5;798
20260604 103400;30288;30290.5;30276.75;30281.5;581
20260604 103500;30282;30283.75;30270.75;30271;587
20260604 103600;30271.5;30276.5;30270.75;30274.5;424
20260604 103700;30274.75;30277.25;30263.25;30265.5;869
20260604 103800;30265.75;30273.75;30259.25;30261.5;1081
20260604 103900;30260.75;30267.25;30259.5;30266.5;788
20260604 104000;30266.25;30268.25;30263.5;30264.75;403
20260604 104100;30264.5;30273.5;30258.25;30260.75;952
20260604 104200;30261;30263.5;30255.5;30258.75;763
20260604 104300;30258.25;30262;30247;30250.5;1332
20260604 104400;30251;30262;30249;30260.5;1136
20260604 104500;30261;30265;30253.25;30254.5;956
20260604 104600;30254.75;30270;30247;30268.25;1419
20260604 104700;30267.75;30275.5;30262.75;30263.25;1357
20260604 104800;30263.5;30265.75;30258.25;30259;552
20260604 104900;30259;30270.75;30257;30266.75;902
20260604 105000;30266.75;30268;30253.75;30255.5;843
20260604 105100;30255;30256.75;30237;30243.25;2223
20260604 105200;30243.25;30246;30233;30235.25;1897
20260604 105300;30234.75;30236.5;30212.25;30225.25;2983
20260604 105400;30224.75;30235.25;30220.75;30232.75;1732
20260604 105500;30232.5;30248;30231;30240.75;1801
20260604 105600;30241.75;30242;30204;30222.25;2992
20260604 105700;30221.5;30231.25;30221.5;30231.25;1312
20260604 105800;30231.5;30237.5;30227.75;30232;804
20260604 105900;30232;30236;30223.75;30234.5;1169
20260604 110000;30234.5;30245;30234;30244.5;1141
20260604 110100;30245;30261.25;30245;30259.25;2533
20260604 110200;30259;30263.25;30254.25;30261.5;1654
20260604 110300;30261.5;30261.5;30237.5;30240;1715
20260604 110400;30238.75;30250.5;30235;30240.5;1541
20260604 110500;30240.25;30265;30239.75;30261;1789
20260604 110600;30261.75;30262.75;30250.5;30251;978
20260604 110700;30251;30251;30235.75;30237.75;1211
20260604 110800;30236.75;30245.75;30231.75;30244.75;1543
20260604 110900;30243.75;30254;30243.75;30245.75;1157
20260604 111000;30246;30247.5;30236.75;30243.5;906
20260604 111100;30242.75;30243.25;30233;30240;893
20260604 111200;30239.5;30256;30239.25;30253.25;1252
20260604 111300;30253.5;30259.75;30249.25;30257;828
20260604 111400;30257.25;30257.75;30240;30252.5;1293
20260604 111500;30251.75;30256.25;30244;30246;654
20260604 111600;30245.5;30254.75;30242.25;30249;1032
20260604 111700;30249;30262.25;30247;30262;1114
20260604 111800;30262.75;30276.75;30257;30267.5;2539
20260604 111900;30267.5;30270.75;30255.75;30259.5;1370
20260604 112000;30259.5;30260.5;30250;30259.5;1337
20260604 112100;30260;30260.75;30242;30246;1184
20260604 112200;30245.75;30248;30239.25;30239.25;975
20260604 112300;30239;30242.75;30227.5;30230.75;1659
20260604 112400;30231.5;30255.75;30227.75;30254.75;1938
20260604 112500;30254.25;30270;30250;30258.25;1963
20260604 112600;30258.25;30266.25;30247;30263.5;1760
20260604 112700;30262.75;30275.5;30259.5;30274;1413
20260604 112800;30274.25;30279.75;30268.25;30274.5;2353
20260604 112900;30274.75;30275.75;30266.5;30267.75;849
20260604 113000;30268;30272.5;30263.75;30270.75;860
20260604 113100;30271.25;30281.75;30266;30278;1415
20260604 113200;30278;30288;30274;30287.5;1229
20260604 113300;30287.5;30288.5;30254.25;30256.75;2149
20260604 113400;30257.5;30263;30253.5;30258;1253
20260604 113500;30257.25;30262.5;30234.25;30238.25;1859
20260604 113600;30237.75;30238;30217.75;30218.75;2247
20260604 113700;30219.5;30221.5;30185.75;30189.75;4493
20260604 113800;30189.75;30191.75;30166.75;30167.25;3965
20260604 113900;30167.75;30195.25;30163;30192.75;4647
20260604 114000;30193.75;30209.25;30184;30208.25;2887
20260604 114100;30208;30209.25;30189;30191.5;1857
20260604 114200;30192.25;30207.75;30180.5;30205.5;2861
20260604 114300;30205;30209.5;30184.5;30186.25;2116
20260604 114400;30185.75;30192;30177.75;30192;1580
20260604 114500;30191.25;30202;30191;30196.5;1407
20260604 114600;30195.75;30209.75;30194.75;30208.25;2059
20260604 114700;30208.75;30208.75;30191.5;30199.25;1651
20260604 114800;30199;30202.75;30193.5;30200.75;1086
20260604 114900;30200.25;30216.5;30197.25;30208.25;1601
20260604 115000;30207.75;30234.75;30203.5;30233.5;2885
20260604 115100;30233.75;30253.5;30230;30243.5;3053
20260604 115200;30243;30262.5;30240.5;30255.75;2350
20260604 115300;30256.25;30261.5;30250.75;30255.75;1668
20260604 115400;30255.25;30261.5;30250.5;30259.25;1553
20260604 115500;30259.5;30266.5;30256;30262.25;1331
20260604 115600;30261.75;30268;30253;30266.5;1483
20260604 115700;30266.5;30266.75;30251.5;30252.5;1224
20260604 115800;30253;30281.75;30249;30280.5;3514
20260604 115900;30280;30281.5;30265.75;30267.5;1982
20260604 120000;30266.5;30282.5;30261.25;30279.25;1361
20260604 120100;30279.25;30285;30272;30277;2315
20260604 120200;30277;30278.25;30248.25;30249;3076
20260604 120300;30249.5;30260.25;30245.5;30260;1830
20260604 120400;30259.5;30268;30254.75;30266.5;1481
20260604 120500;30266.5;30267;30247.5;30250;1327
20260604 120600;30249.25;30252.5;30241.75;30247;1210
20260604 120700;30247.5;30268.5;30244.75;30267.75;1798
20260604 120800;30267.5;30286.25;30266.25;30280;2561
20260604 120900;30279.25;30280;30270.5;30273.25;1393
20260604 121000;30273.5;30283.25;30253.25;30264.5;3230
20260604 121100;30264.25;30274;30263.5;30265.25;960
20260604 121200;30265;30267.5;30238.75;30243;3141
20260604 121300;30242.75;30252;30229.25;30231.25;2952
20260604 121400;30231.5;30238.25;30224.5;30234.5;1564
20260604 121500;30235.25;30243.25;30230.25;30237.5;1251
20260604 121600;30238;30249.25;30235.75;30239;1715
20260604 121700;30238.25;30253.75;30237;30246.5;1547
20260604 121800;30246.75;30246.75;30231.5;30234.25;1481
20260604 121900;30234.75;30249.25;30230;30243.75;1603
20260604 122000;30242.5;30242.5;30227;30234.25;1341
20260604 122100;30234.25;30239;30229.75;30230;935
20260604 122200;30229.5;30247;30228.75;30233;1385
20260604 122300;30233.25;30235.75;30223.25;30233;1455
20260604 122400;30233;30251.25;30228.5;30249;1730
20260604 122500;30250.5;30251.25;30234.25;30237.5;1042
20260604 122600;30237;30248.25;30234.75;30245.25;814
20260604 122700;30245.5;30249;30233.75;30234.5;1097
20260604 122800;30234.25;30244.25;30226;30243;1163
20260604 122900;30242.75;30249;30235.25;30238.5;695
20260604 123000;30237.75;30250.5;30235.25;30246.25;826
20260604 123100;30246.75;30269.5;30244.25;30268.25;3224
20260604 123200;30268.75;30282;30262.5;30281.5;2375
20260604 123300;30281.75;30282.25;30272.25;30274.5;1224
20260604 123400;30275.25;30281.5;30266.25;30268;1391
20260604 123500;30267.25;30272;30260.5;30266;1374
20260604 123600;30266.25;30272.25;30256.75;30271.25;1283
20260604 123700;30270.5;30285.75;30270;30281;1796
20260604 123800;30281.5;30300.75;30280.75;30286.75;2954
20260604 123900;30286.75;30289;30274.25;30285.25;1905
20260604 124000;30284.25;30292.25;30281.25;30281.75;1537
20260604 124100;30282.25;30288.5;30280.75;30280.75;927
20260604 124200;30281.25;30284.75;30274;30279.25;1613
20260604 124300;30279.5;30292.5;30278.25;30290.5;1560
20260604 124400;30291;30306.5;30291;30304.75;2520
20260604 124500;30305;30312.75;30301;30309;2067
20260604 124600;30308.75;30317.25;30304.5;30306;2806
20260604 124700;30305.75;30306.25;30289.75;30289.75;2549
20260604 124800;30289.75;30304;30289.25;30296.25;1768
20260604 124900;30296.25;30320.75;30294.5;30318.25;2299
20260604 125000;30318.5;30327.75;30316.25;30324.25;2221
20260604 125100;30324.25;30327;30317.25;30325;1664
20260604 125200;30324.25;30330;30321;30328;1548
20260604 125300;30328;30329.25;30305.5;30311.75;2180
20260604 125400;30311.75;30328.25;30310.75;30321.5;2217
20260604 125500;30321.25;30325.75;30314.5;30315.25;1325
20260604 125600;30315;30321.75;30310.5;30314.25;1127
20260604 125700;30314.75;30319.25;30307;30313;1235
20260604 125800;30313.25;30314;30301;30301;1569
20260604 125900;30301.75;30304.25;30297;30302.5;1734
20260604 130000;30302.5;30315.5;30300.75;30310.25;1530
20260604 130100;30310;30312.75;30294.5;30298.5;2358
20260604 130200;30299.5;30309.5;30297.5;30303;1644
20260604 130300;30303.5;30312.5;30300.5;30311.75;1399
20260604 130400;30312.25;30317;30298.25;30299.5;2178
20260604 130500;30299;30300;30288;30295.25;2425
20260604 130600;30295;30306;30294.25;30305.5;1808
20260604 130700;30305.25;30306.25;30291;30302;2428
20260604 130800;30301.75;30314.5;30301.25;30311;1749
20260604 130900;30311;30312.25;30305.75;30306.75;1002
20260604 131000;30306.5;30310;30298.75;30305.5;1278
20260604 131100;30305.5;30308.25;30297.75;30298.25;1027
20260604 131200;30298.25;30310;30295.25;30299.75;1685
20260604 131300;30300.75;30303.25;30296;30301.25;1309
20260604 131400;30301.25;30305.5;30298;30305.25;959
20260604 131500;30305.75;30311.25;30297;30301.5;1475
20260604 131600;30300.75;30310.5;30298.5;30307.5;1499
20260604 131700;30308.25;30310.5;30302.5;30304;1231
20260604 131800;30303.5;30312.25;30302.25;30307.5;1282
20260604 131900;30307.25;30324.5;30306.75;30322.25;2283
20260604 132000;30321.75;30329.25;30320.5;30325;1624
20260604 132100;30325;30331;30316.25;30328.25;2395
20260604 132200;30328.5;30328.75;30312.75;30313.5;1540
20260604 132300;30313.75;30321;30312;30319.75;1286
20260604 132400;30319.75;30327.5;30319.25;30324;1113
20260604 132500;30324.5;30329.25;30320.5;30322.25;1138
20260604 132600;30323;30323;30297.75;30298.75;3821
20260604 132700;30298.75;30299.75;30290;30292.25;1976
20260604 132800;30292.25;30302.5;30280;30282.25;3479
20260604 132900;30282.25;30290.25;30269.25;30282.25;5324
20260604 133000;30282.25;30291.75;30265;30268.25;5682
20260604 133100;30268.75;30270.25;30210;30243;21709
20260604 133200;30243.5;30292;30231.5;30274.25;18036
20260604 133300;30273.5;30302.5;30247.75;30296.5;14626
20260604 133400;30296.5;30340;30296.25;30339;15682
20260604 133500;30339;30353.75;30320.5;30343.25;14678
20260604 133600;30343.5;30345.75;30312;30319.5;14790
20260604 133700;30319;30331.75;30305;30311.75;11904
20260604 133800;30311.75;30364.5;30311;30351;13322
20260604 133900;30350.75;30361.5;30326.75;30347.75;12030
20260604 134000;30348.25;30349.75;30321.5;30332;8477
20260604 134100;30332;30341.5;30288;30294.25;14737
20260604 134200;30294.5;30308.75;30270.25;30273.5;12218
20260604 134300;30273.5;30285;30246.25;30254.5;13963
20260604 134400;30254;30267.5;30233.25;30233.75;11501
20260604 134500;30233.75;30253;30220.5;30226.5;11500
20260604 134600;30226.5;30228.75;30187.5;30198.75;16875
20260604 134700;30199;30254.25;30191.5;30225.5;17302
20260604 134800;30225.5;30271;30223.75;30262.5;12300
20260604 134900;30263.25;30282;30250.75;30280.25;13148
20260604 135000;30279.25;30284.25;30228.75;30248.5;12591
20260604 135100;30248.5;30261.75;30220;30259;13421
20260604 135200;30258;30294.5;30243.75;30291.25;11803
20260604 135300;30291.5;30316.5;30264.75;30267.5;14115
20260604 135400;30268.5;30288.25;30245.25;30259;10980
20260604 135500;30259;30261.75;30227.75;30245.5;11185
20260604 135600;30245.75;30270;30232.25;30244;11484
20260604 135700;30244.75;30261.5;30234.5;30256.75;7172
20260604 135800;30256.75;30293.75;30254.25;30281;9942
20260604 135900;30281;30305.5;30275.5;30291;8388
20260604 140000;30291.25;30302.5;30247.75;30248;8580
20260604 140100;30248;30273.75;30230.25;30234.5;11635
20260604 140200;30234.25;30262.25;30233.25;30249;7724
20260604 140300;30249.5;30251.25;30224.5;30234;8080
20260604 140400;30234.25;30235.5;30211.5;30212;8348
20260604 140500;30211.75;30218.75;30194;30198;9733
20260604 140600;30197.25;30201;30168;30177.25;13453
20260604 140700;30176.5;30193.75;30152.5;30163;14704
20260604 140800;30163;30186;30152.25;30169.75;10623
20260604 140900;30170;30201;30168.25;30199.5;8480
20260604 141000;30199.75;30209;30176.25;30185.75;9540
20260604 141100;30185.75;30233;30181.25;30232.25;12027
20260604 141200;30232.25;30276.5;30227;30267.25;13859
20260604 141300;30267.75;30282.75;30259.75;30261.25;8301
20260604 141400;30260.75;30275.5;30240.5;30262.5;10144
20260604 141500;30263.75;30282;30261.25;30279.5;6818
20260604 141600;30279.25;30296.5;30277.5;30291.25;9735
20260604 141700;30291.25;30304.25;30282.25;30294.5;7168
20260604 141800;30294.25;30306.5;30267;30298.25;10314
20260604 141900;30298.25;30300.75;30269.25;30282;7921
20260604 142000;30282;30286;30262.5;30263.5;7293
20260604 142100;30263.25;30275.75;30256;30259.5;8629
20260604 142200;30258.75;30290;30251.25;30273.25;8166
20260604 142300;30273;30292;30271;30291;5368
20260604 142400;30290.75;30310.75;30277.5;30308.25;7930
20260604 142500;30308.75;30324.5;30296.5;30323.75;8100
20260604 142600;30323.25;30330.75;30314;30327.75;7086
20260604 142700;30328;30333;30316;30320.25;6863
20260604 142800;30320;30338.5;30308.75;30333.5;7948
20260604 142900;30334;30348.25;30331.25;30337.25;6865
20260604 143000;30337;30342.75;30325.5;30341.25;5248
20260604 143100;30341.25;30348;30319;30324.5;8139
20260604 143200;30324;30331.25;30305.75;30316.75;8416
20260604 143300;30317.75;30320.25;30300;30307;6446
20260604 143400;30307;30332;30302.75;30326.5;6183
20260604 143500;30326;30343.75;30317.75;30326.5;6359
20260604 143600;30326.25;30335.25;30294;30303.25;7210
20260604 143700;30303;30326.75;30293.75;30310.25;8403
20260604 143800;30309.75;30324.5;30305;30321.5;4528
20260604 143900;30321;30333.25;30313.75;30315.5;5466
20260604 144000;30314.75;30320;30304.5;30311.75;5122
20260604 144100;30312;30337;30312;30330.5;4969
20260604 144200;30330;30339.25;30326;30333.5;3961
20260604 144300;30333.25;30335.25;30314.75;30317.75;4614
20260604 144400;30318;30331;30312.75;30317.75;4140
20260604 144500;30317.75;30322.75;30299.25;30300.5;4425
20260604 144600;30300.25;30310.5;30297.5;30306;4893
20260604 144700;30305.75;30332;30302;30328.75;5878
20260604 144800;30328.5;30334.25;30317;30317.25;4833
20260604 144900;30316.75;30322;30286.75;30296.75;6415
20260604 145000;30296.5;30315.75;30291.5;30315.5;4923
20260604 145100;30315.25;30326.75;30297.75;30324.5;5180
20260604 145200;30324.5;30328.75;30313.75;30326.75;3848
20260604 145300;30326.25;30326.75;30311.25;30311.75;3544
20260604 145400;30312.25;30314.25;30298;30301.75;4347
20260604 145500;30302;30330;30300.25;30320.25;4725
20260604 145600;30320.25;30331.75;30317.25;30327.25;3297
20260604 145700;30327;30343.75;30326.75;30335.25;5077
20260604 145800;30335.5;30347;30321.5;30343;4906
20260604 145900;30343.25;30350;30338.75;30348.5;3751
20260604 150000;30348.25;30359.5;30345;30356.75;4802
20260604 150100;30356.5;30382;30354;30380;11827
20260604 150200;30380.25;30380.5;30364;30371.25;5480
20260604 150300;30371.25;30379.5;30365;30368.25;3809
20260604 150400;30368.25;30376;30362.25;30368.75;3521
20260604 150500;30367.75;30371;30355.75;30369.75;3652
20260604 150600;30369.5;30390.25;30368.75;30385.75;5795
20260604 150700;30385.5;30396.25;30384.25;30393.5;4319
20260604 150800;30393.5;30408;30388;30407.25;5475
20260604 150900;30407;30425;30404.75;30422.75;7289
20260604 151000;30423.25;30437.75;30421.5;30429.75;6580
20260604 151100;30430.25;30437.75;30418;30435.75;6738
20260604 151200;30436.25;30442.25;30427.75;30435.5;4829
20260604 151300;30435.25;30446.75;30430.75;30442.5;4449
20260604 151400;30442;30446;30435.25;30437.5;3058
20260604 151500;30437;30453;30436.5;30450.5;4464
20260604 151600;30450.75;30460;30442.5;30460;5157
20260604 151700;30459.75;30466;30456;30464.25;5093
20260604 151800;30464.25;30469;30457;30466;4068
20260604 151900;30466.25;30469;30451;30452.75;3964
20260604 152000;30452.75;30465;30449.75;30462.5;3968
20260604 152100;30462.5;30464;30438.5;30440.25;6259
20260604 152200;30440.25;30451.75;30437.5;30445.5;4516
20260604 152300;30446;30453.5;30441.75;30443.75;2598
20260604 152400;30443;30443;30431.75;30433;4298
20260604 152500;30433.25;30467.75;30432.75;30461;6425
20260604 152600;30461;30461.75;30446.25;30455;3803
20260604 152700;30455;30458;30444.25;30447.5;2749
20260604 152800;30447.5;30456;30442.5;30454;2690
20260604 152900;30454;30457;30437.75;30445;2958
20260604 153000;30444.75;30449.75;30440;30441.75;2110
20260604 153100;30442.25;30447;30435.25;30436.25;3250
20260604 153200;30436;30440.75;30429.75;30439;3734
20260604 153300;30438.75;30448;30426.25;30430.75;4054
20260604 153400;30430.5;30444;30430.25;30436;2558
20260604 153500;30436.5;30442;30433;30440.25;1870
20260604 153600;30440.25;30443.25;30425.25;30435;3880
20260604 153700;30435;30445.75;30425.5;30444.5;3454
20260604 153800;30444.5;30448.5;30429.75;30431.25;3251
20260604 153900;30431.5;30442.5;30430.25;30439.75;2015
20260604 154000;30439.5;30445.75;30438.25;30443.25;1789
20260604 154100;30443.5;30447.75;30434;30446;2060
20260604 154200;30446.25;30447;30431;30442.5;2356
20260604 154300;30443;30443.75;30437;30442.5;1131
20260604 154400;30442.5;30444.5;30429.25;30429.5;1954
20260604 154500;30430;30430.5;30411.25;30419;6064
20260604 154600;30419;30423.25;30403.75;30405;4300
20260604 154700;30404.75;30419.25;30404;30407.25;4079
20260604 154800;30407;30412.25;30383.25;30385;6624
20260604 154900;30385;30391.75;30378;30385.25;5053
20260604 155000;30386;30386.5;30366.5;30373.5;5634
20260604 155100;30372.75;30389.25;30366.75;30369;7306
20260604 155200;30369;30382.25;30362;30381.25;5512
20260604 155300;30381.5;30398.25;30378.75;30392.5;5756
20260604 155400;30392.25;30408.25;30389.5;30406.25;4266
20260604 155500;30406.5;30407.25;30395.75;30399;3313
20260604 155600;30398.5;30407.75;30387.75;30402.75;4251
20260604 155700;30402.25;30402.25;30390;30392.5;2483
20260604 155800;30392.5;30403.25;30384.75;30401;3087
20260604 155900;30401;30422;30398.5;30417;5384
20260604 160000;30417;30421.5;30406;30413;2570
20260604 160100;30413.25;30417;30393.5;30399.25;4026
20260604 160200;30399.5;30421.5;30399;30420.25;3335
20260604 160300;30420.5;30421.25;30411;30420;1976
20260604 160400;30420.25;30426.5;30417;30426.5;2824
20260604 160500;30425.5;30429.5;30416.5;30422;2736
20260604 160600;30421.75;30423.75;30412.25;30415.75;2069
20260604 160700;30415.75;30438;30415.5;30437;4445
20260604 160800;30436.5;30441.75;30432;30437.5;3029
20260604 160900;30437.75;30444.5;30436.75;30444;2736
20260604 161000;30444.25;30449.5;30436;30440.25;3330
20260604 161100;30440.5;30444.75;30431.25;30438.75;2688
20260604 161200;30439;30448.25;30434.75;30444.75;2032
20260604 161300;30445;30451.75;30442.25;30447.5;2275
20260604 161400;30447.5;30452;30439.75;30443;2229
20260604 161500;30443.5;30445.75;30439.5;30440.25;1383
20260604 161600;30440.25;30455.25;30439.75;30450.25;2342
20260604 161700;30449.5;30459.5;30444.5;30456.5;2078
20260604 161800;30456.25;30462.75;30453.5;30459.75;2466
20260604 161900;30459.25;30462.25;30449.5;30449.5;2136
20260604 162000;30449.25;30460.75;30446.75;30458;2282
20260604 162100;30458;30465.75;30451.5;30465.5;2167
20260604 162200;30465;30470;30457;30467.75;3276
20260604 162300;30467.5;30468.5;30459.75;30466;1744
20260604 162400;30466;30482.75;30462.25;30481.25;4346
20260604 162500;30481.5;30486.25;30478.25;30481.5;2677
20260604 162600;30481.25;30484.75;30466.25;30477;3704
20260604 162700;30477;30483;30469;30474.25;2681
20260604 162800;30474;30483;30470.25;30481.25;1924
20260604 162900;30480.5;30484;30475.25;30482.75;1593
20260604 163000;30483.25;30483.25;30477.25;30480;1338
20260604 163100;30480.25;30480.25;30452.75;30453;5111
20260604 163200;30452.5;30459;30436.25;30437.25;5505
20260604 163300;30437.25;30452.5;30437.25;30450;3574
20260604 163400;30449.75;30456.25;30445.25;30450;2185
20260604 163500;30450.25;30456.25;30441.5;30449.75;2895
20260604 163600;30449.5;30451.25;30443.25;30447.5;1199
20260604 163700;30447.5;30461;30446;30460.25;2822
20260604 163800;30460;30465.75;30459.5;30462.5;2349
20260604 163900;30462.5;30472.5;30461;30471.5;2759
20260604 164000;30471.5;30476.25;30464.5;30471.25;2790
20260604 164100;30472;30473;30463;30466;2149
20260604 164200;30465.75;30480.5;30462;30480.5;2304
20260604 164300;30480.75;30484.25;30476;30484;2036
20260604 164400;30484;30489.5;30483.25;30485.75;2848
20260604 164500;30485.75;30489.5;30478;30482.75;2192
20260604 164600;30482.75;30486;30472.5;30473.75;2606
20260604 164700;30473.75;30481.75;30468.5;30474.5;2430
20260604 164800;30474.25;30477.5;30468.5;30469.75;1577
20260604 164900;30470.25;30473.75;30466.75;30472.75;1896
20260604 165000;30472.25;30479.25;30465.5;30474.25;2163
20260604 165100;30474;30483.75;30472.25;30483.25;1786
20260604 165200;30483.25;30489.75;30481;30483;2946
20260604 165300;30483;30487;30475.75;30486;1649
20260604 165400;30485.75;30493.75;30484.5;30490.5;2496
20260604 165500;30490;30492;30482.75;30484.5;1542
20260604 165600;30484.5;30487.25;30481;30485;1221
20260604 165700;30485;30490.75;30483;30486.25;1122
20260604 165800;30486.75;30487.75;30477.25;30484.25;1878
20260604 165900;30484;30488.5;30480.5;30484.25;1384
20260604 170000;30484.75;30486.25;30477;30478.75;1232
20260604 170100;30479;30479.25;30466.5;30469;3650
20260604 170200;30469.5;30485.25;30467.5;30482.75;2711
20260604 170300;30482.5;30485;30475;30484.25;1755
20260604 170400;30484.25;30486.25;30470.75;30475.75;2043
20260604 170500;30476;30479.5;30474.25;30474.75;1097
20260604 170600;30475.25;30478.25;30466.75;30467;1810
20260604 170700;30467.25;30471.5;30463.75;30468.5;2409
20260604 170800;30468.75;30476.25;30468.25;30476.25;1750
20260604 170900;30476.25;30487.25;30476;30486.75;2314
20260604 171000;30486.5;30496.5;30485.75;30495.5;2930
20260604 171100;30495.25;30497.75;30489;30492.25;2191
20260604 171200;30492;30500.75;30491.5;30499.75;3083
20260604 171300;30500;30502.25;30496.25;30497;1799
20260604 171400;30496.75;30499.25;30484;30486.25;3130
20260604 171500;30486.5;30494.75;30486.25;30494;1707
20260604 171600;30493.75;30497.25;30490.75;30494.25;1574
20260604 171700;30494.75;30495;30482;30483;2429
20260604 171800;30482.75;30487.5;30478;30481;2075
20260604 171900;30481;30485.5;30474.25;30484.75;2268
20260604 172000;30484.5;30493.5;30482;30488.75;2112
20260604 172100;30488.75;30490.5;30484;30490.5;1375
20260604 172200;30490.25;30495.5;30476;30480.25;2710
20260604 172300;30480;30485.75;30478.25;30483;1543
20260604 172400;30483.25;30493.5;30482.5;30491.5;1588
20260604 172500;30491.25;30496.25;30488.75;30492.5;1348
20260604 172600;30492.5;30505.5;30491.5;30504;2719
20260604 172700;30504;30509.5;30500.75;30509;2098
20260604 172800;30509;30516;30506.25;30514.75;3005
20260604 172900;30514.25;30518.25;30511.5;30514.25;2488
20260604 173000;30514;30517.25;30507.75;30514.5;2124
20260604 173100;30514.5;30527.75;30511;30525.75;4944
20260604 173200;30525.75;30527.5;30521;30521.75;2180
20260604 173300;30522;30536.5;30521.25;30535;3620
20260604 173400;30535.5;30539.75;30532.75;30537.25;2873
20260604 173500;30537.5;30539.75;30529.5;30531.75;2700
20260604 173600;30531.5;30536.25;30523.75;30525.5;2946
20260604 173700;30526;30530.25;30523.25;30526.25;1636
20260604 173800;30526.5;30527;30516.5;30522.25;2678
20260604 173900;30522.5;30530.25;30516;30529;2333
20260604 174000;30528.75;30528.75;30514;30515;2309
20260604 174100;30515;30520.25;30511.25;30514.5;1944
20260604 174200;30514.5;30525.75;30511.25;30523.25;2221
20260604 174300;30522.5;30532.5;30520.25;30531.75;2317
20260604 174400;30531.5;30539.5;30530;30534.5;2522
20260604 174500;30534.5;30541.25;30530;30539.75;2692
20260604 174600;30539.75;30544.5;30533;30534;2910
20260604 174700;30534;30536.5;30530.25;30531.25;1571
20260604 174800;30531;30535;30525.75;30531.25;1679
20260604 174900;30531.5;30544.25;30529.75;30543;1947
20260604 175000;30543.25;30543.75;30537.5;30543.5;1441
20260604 175100;30543.5;30546;30539.75;30540.75;2257
20260604 175200;30540.5;30554;30540;30552.75;3514
20260604 175300;30552.75;30555.5;30549.5;30549.5;2011
20260604 175400;30550;30551.25;30544.25;30545.25;1962
20260604 175500;30545.25;30549.5;30543.75;30548.75;1625
20260604 175600;30549.25;30555;30543;30554.5;1680
20260604 175700;30554.5;30559.75;30552;30555.25;2665
20260604 175800;30555;30559.25;30550;30558.5;1766
20260604 175900;30558.5;30561.75;30557.5;30561.75;1652
20260604 180000;30561.75;30563.75;30556.25;30559.5;2251
20260604 180100;30559.25;30569.75;30555.25;30561.5;4646
20260604 180200;30561.75;30571;30560;30566.5;2868
20260604 180300;30567.25;30573.5;30567.25;30572.25;1998
20260604 180400;30572.25;30575.25;30566.75;30574.5;1977
20260604 180500;30575;30580.75;30572.75;30578.25;2699
20260604 180600;30578.25;30588.5;30578.25;30588;3716
20260604 180700;30588.25;30594.75;30585.5;30589.5;3076
20260604 180800;30589.5;30594.25;30586;30591.5;2199
20260604 180900;30591;30594.25;30581.75;30582.25;2678
20260604 181000;30582.25;30589.25;30580.25;30587.25;2268
20260604 181100;30587.5;30591;30579.25;30587;2401
20260604 181200;30586.75;30596.75;30584;30595.25;2324
20260604 181300;30595.25;30598.5;30591.75;30595;1675
20260604 181400;30594.5;30597.25;30592.75;30594.5;1159
20260604 181500;30595;30596;30588.5;30592;1925
20260604 181600;30591.75;30593.5;30579.75;30583.75;2856
20260604 181700;30584;30588.75;30581;30583;1820
20260604 181800;30583.25;30583.5;30573.75;30577.75;3047
20260604 181900;30578;30593.5;30577;30591;3214
20260604 182000;30591.25;30595.75;30590.5;30591;1395
20260604 182100;30590.75;30591.5;30583.5;30589.5;2213
20260604 182200;30589.75;30594.5;30588;30589.5;1430
20260604 182300;30589.75;30591.75;30580.25;30581.25;1584
20260604 182400;30581.75;30585.75;30576.5;30579.25;1725
20260604 182500;30579;30583.5;30576.25;30580;1880
20260604 182600;30580.25;30589.75;30578.5;30588;1883
20260604 182700;30588;30595.75;30587;30594.75;1672
20260604 182800;30595;30595.75;30588.25;30590;1396
20260604 182900;30590.25;30592.5;30583.25;30584.75;1563
20260604 183000;30584.5;30590;30583.75;30586.25;1237
20260604 183100;30586.25;30591;30582;30582.5;1609
20260604 183200;30582.5;30583;30568.75;30570.75;4207
20260604 183300;30571;30575.5;30570.25;30571.5;2378
20260604 183400;30571.25;30573.75;30562;30565.5;2993
20260604 183500;30565.25;30579.25;30563.75;30579;2995
20260604 183600;30578.5;30581;30567.5;30567.75;2107
20260604 183700;30568;30575.75;30563.75;30575;2683
20260604 183800;30574.75;30579.25;30574.25;30576;1530
20260604 183900;30575.5;30578.25;30567.75;30568;1546
20260604 184000;30567.5;30574;30562.5;30570.75;2349
20260604 184100;30570.25;30570.75;30557.5;30559;2560
20260604 184200;30558.75;30569.5;30558.5;30569;2002
20260604 184300;30569;30570;30563.25;30567.25;1258
20260604 184400;30567;30575.5;30566.75;30574;2072
20260604 184500;30574.5;30575;30566.25;30572.75;1540
20260604 184600;30573;30574;30564.75;30566.25;1244
20260604 184700;30566;30580.25;30564.75;30579.25;2305
20260604 184800;30578.75;30587.5;30575;30584.5;3404
20260604 184900;30584.5;30588.5;30581.75;30588.25;1622
20260604 185000;30588.5;30588.75;30580.25;30588.25;1986
20260604 185100;30588.25;30594.5;30584.25;30586.25;2472
20260604 185200;30585.75;30592.25;30582;30590.75;1536
20260604 185300;30590.5;30591;30584.25;30588.25;1364
20260604 185400;30588.25;30591.25;30586;30589.25;917
20260604 185500;30589.5;30590.25;30579;30580.5;1758
20260604 185600;30580.5;30582.5;30569.5;30571.25;2960
20260604 185700;30571;30577.25;30569.5;30571.75;1849
20260604 185800;30571.5;30572;30559.75;30560;2724
20260604 185900;30560;30563.25;30555;30557.5;4615
20260604 190000;30558;30562;30550;30557.5;3874
20260604 190100;30558;30572.5;30554.5;30570.75;3843
20260604 190200;30570.5;30574;30563.5;30565;2281
20260604 190300;30565;30573;30563;30568;1791
20260604 190400;30568;30570.75;30564.75;30568.5;1055
20260604 190500;30568.25;30572;30563.25;30571.25;1521
20260604 190600;30571.75;30586.75;30569.25;30584;3868
20260604 190700;30584.5;30584.5;30577.5;30580;1887
20260604 190800;30580;30587;30580;30584.25;1690
20260604 190900;30584.5;30589;30576.75;30579;2243
20260604 191000;30578.75;30580.25;30570;30570.75;2434
20260604 191100;30571;30574.5;30559.5;30560.25;2657
20260604 191200;30560.25;30563;30553.25;30553.25;3193
20260604 191300;30553.5;30560.25;30549;30550.5;2857
20260604 191400;30550.5;30552;30546;30547.25;3090
20260604 191500;30547.5;30559.25;30546.25;30555.5;2986
20260604 191600;30555.5;30556.75;30541.75;30545.25;3992
20260604 191700;30546;30546.5;30539.25;30540.25;2832
20260604 191800;30540.75;30547.5;30534;30535.75;4001
20260604 191900;30536;30538.75;30530.75;30534;3242
20260604 192000;30534;30546;30533.75;30535.25;3293
20260604 192100;30535.5;30549;30534.75;30546.25;2771
20260604 192200;30546.25;30547.25;30537.75;30542;2014
20260604 192300;30541.5;30558.25;30540;30557;3739
20260604 192400;30557.25;30567.75;30555;30564;3427
20260604 192500;30563.75;30571.5;30562.75;30569;1990
20260604 192600;30569;30575;30565.75;30573.5;2434
20260604 192700;30573.25;30576.5;30571.25;30574.75;1743
20260604 192800;30574.5;30580;30572;30579.5;1440
20260604 192900;30579.5;30583.5;30575.5;30582.25;2209
20260604 193000;30582.25;30596;30579.25;30594.75;3755
20260604 193100;30594.5;30603.25;30589.5;30603;4898
20260604 193200;30602.75;30603;30587.25;30588.25;3668
20260604 193300;30589;30598.25;30588.5;30596.5;1788
20260604 193400;30596.25;30597;30589.25;30590.25;1333
20260604 193500;30589.5;30589.75;30578.25;30588.25;3477
20260604 193600;30588;30596;30583.75;30594;2316
20260604 193700;30593.75;30597.75;30591.25;30592;1475
20260604 193800;30592.25;30593;30582.5;30584;2078
20260604 193900;30583.75;30586.25;30577;30579.75;1909
20260604 194000;30579.5;30588;30577;30586.5;1788
20260604 194100;30587;30589;30556.5;30557;4608
20260604 194200;30557;30563.75;30555.25;30559.25;2847
20260604 194300;30559;30563.75;30552;30553;2594
20260604 194400;30553;30554.5;30548.25;30551.75;2600
20260604 194500;30551.5;30555.75;30546.25;30548.25;2785
20260604 194600;30548.5;30551.5;30534;30535;3841
20260604 194700;30534.5;30544.25;30528;30540.5;4515
20260604 194800;30539.75;30543.5;30525.5;30527;3574
20260604 194900;30527.5;30535;30526.25;30529.5;2280
20260604 195000;30529;30543.5;30527.5;30538.25;2953
20260604 195100;30537.75;30547.5;30517.25;30518.75;6324
20260604 195200;30519;30527.25;30510;30525.75;5272
20260604 195300;30525.75;30531.75;30513.25;30524.25;4921
20260604 195400;30524.5;30533.75;30520;30522.5;4208
20260604 195500;30522.25;30531;30515.75;30518.5;5021
20260604 195600;30518.75;30518.75;30493.5;30495.75;8328
20260604 195700;30496.25;30502.5;30490.5;30493;4726
20260604 195800;30492.75;30504.75;30487.25;30498;4349
20260604 195900;30497.75;30502.5;30491.25;30500.75;2504
20260604 200000;30500.25;30502.25;30481;30484;10115
20260604 200100;30484;30495.5;30483.75;30484.5;5601
20260604 200200;30485;30485.75;30476;30477.75;2569
20260604 200300;30478.5;30479.75;30464.25;30466.5;3543
20260604 200400;30466.75;30476.75;30460;30462.25;3342
20260604 200500;30462;30473.25;30460;30464;2358
20260604 200600;30464.5;30470.75;30455.5;30456.25;2554
20260604 200700;30456.5;30470;30444.5;30467.25;3829
20260604 200800;30467;30467.5;30447.75;30455.25;2468
20260604 200900;30455.25;30466.25;30454.25;30457.75;1685
20260604 201000;30458.25;30464.75;30453.5;30462.75;1347
20260604 201100;30462.75;30464.5;30439;30446;3270
20260604 201200;30445.75;30453;30442;30451.5;1530
20260604 201300;30450.75;30452.5;30440.5;30447;1273
20260604 201400;30447;30454.5;30443.75;30453.75;1135
20260604 201500;30453.5;30460.25;30450.75;30451.75;1279
20260604 201600;30451.75;30453;30448;30449;779
20260604 201700;30448.75;30460;30446;30460;1144
20260604 201800;30459.5;30463.25;30454.75;30456.25;1549
20260604 201900;30456;30456.5;30446.25;30447.5;950
20260604 202000;30447.25;30449.5;30435.5;30438.25;1765
20260604 202100;30438;30441;30431.75;30433.5;1272
20260604 202200;30433.75;30435;30425;30431;1159
20260604 202300;30430.5;30437.75;30425.75;30429.75;1299
20260604 202400;30429.5;30435.5;30427.75;30433.5;888
20260604 202500;30433;30434.75;30426.75;30434.75;653
20260604 202600;30434.5;30436;30407.25;30411.25;2911
20260604 202700;30411.5;30413.25;30401.75;30411.25;1799
20260604 202800;30411.75;30416.25;30406.75;30413.5;1263
20260604 202900;30413.25;30419.5;30412.5;30415.5;1081
20260604 203000;30416.25;30416.25;30409.5;30413.5;695
20260604 203100;30413;30420.75;30409.5;30417;988
20260604 203200;30416.5;30424;30416.25;30417;950
20260604 203300;30417;30417.5;30408.75;30414;902
20260604 203400;30414.5;30416;30407.5;30413.25;595
20260604 203500;30412.75;30414.25;30408.25;30413.5;725
20260604 203600;30413;30415;30409.5;30411.25;418
20260604 203700;30411;30413.5;30402.25;30410.75;1091
20260604 203800;30410.75;30420.5;30409.5;30417.75;941
20260604 203900;30417.25;30417.25;30407.5;30408;676
20260604 204000;30408;30415.5;30407.75;30413.75;458
20260604 204100;30414;30423.75;30413.5;30419.75;1149
20260604 204200;30419.5;30420.75;30412.75;30418;509
20260604 204300;30417.5;30419.25;30412;30412;375
20260604 204400;30412.25;30414.75;30409.5;30413;510
20260604 204500;30412.25;30415.25;30407.25;30411.25;778
20260604 204600;30411.5;30415.75;30409.25;30414.5;777
20260604 204700;30415;30416.75;30410.5;30411.25;729
20260604 204800;30411;30411.25;30400.25;30403;863
20260604 204900;30403;30406.5;30400;30404.25;615
20260604 205000;30403.75;30406.25;30397;30400.25;669
20260604 205100;30400.25;30404.75;30398.25;30403.5;671
20260604 205200;30403.25;30412.25;30401.5;30411.75;682
20260604 205300;30411.75;30417.25;30411.75;30415;586
20260604 205400;30415;30419;30408;30411.25;788
20260604 205500;30411.5;30413.5;30408.5;30409.75;296
20260604 205600;30410;30415;30399;30409;1157
20260604 205700;30409;30410.25;30403.75;30407;354
20260604 205800;30407.25;30412.5;30406.5;30412.5;293
20260604 205900;30412.5;30420.25;30411.5;30416;661
20260604 210000;30415.75;30418.5;30400.25;30400.25;860
